aX,aY,aZ,gX,gY,gZ
-0.104,0.557,1.011,-15.686,7.996,-140.076
-0.138,0.277,0.866,-5.798,4.944,-165.344
-0.184,0.203,0.962,-35.828,9.155,-187.134
-0.091,-0.007,1.000,-47.058,5.676,-198.181
-0.280,-1.537,1.465,-46.021,5.432,-200.195
0.289,-0.555,0.463,20.508,8.423,-87.402
0.250,-1.272,1.010,2.014,23.193,-12.390
-0.177,-0.047,1.097,-21.912,45.837,5.249
-0.266,0.058,0.799,-18.799,31.860,6.287
0.146,-0.230,1.089,2.502,32.288,1.221
-0.021,-0.296,1.271,-9.277,38.391,12.878
0.168,-0.240,1.428,-25.513,58.716,8.606
0.427,-0.144,1.575,-33.875,88.257,-5.066
0.524,-0.026,1.777,-30.212,126.770,-27.710
0.301,-0.174,1.748,-27.222,158.264,-46.814
0.328,-0.188,1.426,-32.898,191.040,-65.125
0.149,-0.222,1.483,-18.555,179.016,-72.083
-0.155,-0.126,1.570,-7.629,156.555,-80.750
-0.181,0.048,1.520,-24.048,134.399,-92.346
-0.175,-0.021,1.334,-44.434,91.553,-89.478
-0.096,-0.233,1.237,-60.974,50.659,-70.862
0.076,-0.465,1.137,-82.275,34.363,-49.561
0.197,-1.148,1.130,-69.275,59.631,-64.453
0.260,-0.091,1.049,-46.204,113.831,-121.765
0.312,-0.314,1.257,-24.841,118.286,-107.239
0.403,-0.105,1.266,-33.020,143.799,-122.742
0.545,0.008,1.385,-42.236,154.175,-141.052
0.511,-0.153,1.558,-22.095,133.057,-142.395
0.417,-0.170,1.652,-7.690,115.112,-130.432
0.380,-0.174,1.523,9.338,103.149,-122.009
0.408,-0.270,1.441,34.180,96.375,-117.676
0.331,-0.245,1.229,50.171,83.069,-113.953
0.185,-0.166,1.115,61.584,70.923,-104.736
-0.004,-0.181,0.986,75.012,61.951,-93.018
0.029,-0.234,0.890,76.050,48.401,-73.303
0.075,-0.221,0.745,53.833,33.386,-52.368
0.117,-0.191,0.790,28.503,17.883,-35.767
0.111,-0.175,0.750,3.174,5.066,-21.362
0.336,-0.190,0.865,-13.184,-9.460,-11.780
0.637,-0.198,0.815,-39.368,-17.334,-5.676
0.627,-0.040,1.191,-62.500,-14.832,-2.747
0.707,-0.142,0.969,-57.129,4.272,-4.211
0.812,-0.353,1.042,-30.273,21.606,-3.418
0.589,-0.705,0.901,32.776,33.203,14.832
0.391,-0.535,0.905,90.942,39.795,50.720
0.389,-0.396,0.573,126.343,45.776,81.421
0.351,-0.292,0.729,127.380,35.889,106.628
0.029,-0.373,1.302,179.932,29.541,144.226
-0.001,-1.025,0.298,301.392,40.161,228.699
1.161,0.665,-1.646,189.392,67.810,318.481
0.882,0.645,-0.241,-89.661,36.377,252.136
0.578,-0.274,0.519,-123.413,-23.743,158.997
0.527,-0.075,0.403,-107.239,-27.161,147.156
0.577,0.057,0.079,-90.149,-37.170,152.771
0.565,-0.063,0.293,-66.406,-71.960,145.508
0.546,-0.056,0.316,-47.119,-85.266,146.118
0.550,-0.103,0.270,-34.790,-91.919,156.494
0.584,-0.076,0.171,-24.536,-99.731,174.255
0.666,0.030,0.039,-12.695,-109.619,196.106
0.628,0.078,-0.036,2.319,-120.300,207.275
0.538,0.112,-0.167,18.250,-124.939,212.280
0.415,0.210,-0.330,34.607,-132.751,218.689
0.292,0.201,-0.520,48.401,-145.752,228.882
0.249,0.333,-0.644,59.082,-158.325,243.164
0.152,0.318,-0.884,75.317,-162.598,253.357
-0.039,0.361,-0.920,88.318,-164.612,263.367
-0.077,0.652,-0.700,108.276,-161.316,270.508
-0.358,0.716,-0.936,144.836,-151.306,258.972
-0.484,0.900,-0.864,147.705,-163.940,234.375
-0.457,1.050,-0.789,128.235,-193.420,194.031
-0.473,1.117,-0.743,104.492,-233.887,145.508
-0.483,1.119,-0.670,89.417,-268.982,103.088
-0.446,1.132,-0.540,91.858,-289.368,74.402
-0.393,1.075,-0.361,107.605,-292.786,54.016
-0.323,1.060,-0.227,127.686,-278.259,37.598
-0.215,1.013,-0.107,147.278,-255.432,19.653
-0.127,0.958,0.015,159.607,-227.356,1.587
-0.104,0.937,0.175,165.527,-197.021,-12.390
-0.101,0.886,0.308,166.626,-165.466,-22.034
-0.115,0.820,0.447,166.626,-138.123,-28.198
-0.146,0.816,0.556,158.325,-110.168,-34.973
-0.281,0.857,0.669,152.893,-87.341,-41.687
-0.443,0.849,0.801,151.733,-72.571,-50.110
-0.499,0.647,0.952,150.391,-55.115,-62.256
-0.323,0.365,1.201,142.578,-42.053,-74.219
-0.059,0.158,1.366,121.216,-27.710,-85.815
0.226,0.005,1.504,103.638,-16.968,-91.248
0.364,-0.189,1.577,101.318,-14.893,-87.341
0.381,-0.439,1.562,113.281,-4.639,-75.928
0.290,-0.633,1.480,133.911,20.508,-64.941
0.066,-0.710,1.351,167.847,61.096,-61.523
-0.173,-0.786,1.257,214.844,113.403,-72.754
-0.298,-0.786,1.166,265.686,169.434,-99.670
-0.363,-0.844,1.089,307.922,219.666,-133.057
-0.438,-0.866,0.965,333.130,246.582,-165.161
-0.467,-0.930,0.816,342.041,246.887,-189.758
-0.438,-1.098,0.668,332.825,226.807,-206.726
-0.458,-1.237,0.569,311.584,187.622,-216.980
-0.487,-1.335,0.484,289.062,136.353,-221.985
-0.476,-1.451,0.455,269.409,90.210,-221.313
-0.256,-1.474,0.705,248.901,41.260,-202.881
-0.303,-1.518,0.630,224.609,-33.752,-158.997
-0.369,-1.539,0.642,194.885,-82.642,-113.708
-0.460,-1.557,0.677,161.438,-99.792,-63.416
-0.545,-1.590,0.768,124.939,-104.187,-18.311
-0.610,-1.634,0.896,86.609,-111.206,10.986
-0.638,-1.667,1.012,44.922,-122.864,26.428
-0.597,-1.755,1.185,-0.793,-141.357,29.602
-0.619,-1.968,1.404,-47.302,-168.335,29.358
-0.595,-2.187,1.650,-96.619,-202.454,35.034
-0.477,-2.327,1.830,-152.039,-244.934,47.058
-0.292,-2.281,1.845,-208.008,-288.513,64.209
-0.192,-2.097,1.819,-250.427,-316.650,85.449
-0.309,-1.926,1.784,-266.418,-319.824,103.943
-0.709,-1.784,1.638,-243.774,-281.921,108.704
-1.014,-1.536,1.462,-189.758,-182.190,93.506
-1.171,-1.317,1.218,-123.230,-51.086,61.951
-1.272,-1.132,1.059,-53.467,75.317,29.663
-1.269,-1.042,0.978,1.404,169.739,6.287
-1.225,-0.907,1.005,33.386,227.844,-5.798
-1.176,-0.894,1.073,17.456,203.308,0.366
-1.033,-0.921,1.150,-12.817,159.119,18.799
-0.890,-0.823,1.155,-52.307,109.436,47.852
-0.846,-0.715,1.036,-88.867,62.622,81.848
-0.858,-0.680,0.989,-115.295,27.771,105.896
-0.916,-0.663,1.010,-134.521,12.512,113.342
-0.918,-0.601,0.979,-143.372,9.521,105.652
-0.821,-0.531,0.941,-138.428,17.700,80.627
-0.780,-0.443,0.994,-127.563,35.278,48.340
-0.614,-0.533,1.016,-119.202,60.364,16.663
-0.563,-0.606,1.058,-116.211,92.651,-10.437
-0.444,-0.694,1.106,-117.676,117.859,-27.344
-0.241,-0.705,1.069,-121.338,128.418,-34.363
-0.020,-0.737,1.118,-108.826,111.877,-31.250
0.068,-0.729,1.167,-87.158,83.191,-18.799
0.172,-0.753,1.232,-63.049,60.547,1.953
0.238,-0.856,1.292,-42.236,52.002,24.475
0.248,-0.862,1.340,-29.358,51.025,43.152
0.274,-0.833,1.349,-22.034,52.368,54.932
0.329,-0.794,1.343,-11.719,53.467,58.716
0.401,-0.783,1.324,3.784,61.096,57.739
0.415,-0.755,1.282,17.212,75.562,57.617
0.400,-0.717,1.193,22.705,83.130,63.477
0.379,-0.650,1.038,18.860,82.825,78.369
0.309,-0.587,0.985,7.812,74.402,94.849
0.306,-0.449,0.804,-10.376,71.777,111.572
0.212,-0.399,0.676,-24.170,73.242,121.887
0.125,-0.306,0.511,-34.058,84.595,130.798
0.071,-0.234,0.323,-44.495,96.985,136.353
0.042,-0.140,0.165,-52.734,100.830,136.963
0.035,-0.044,0.007,-53.711,95.215,140.198
0.288,0.160,-0.217,-50.842,85.693,146.606
0.007,0.051,-0.180,-42.664,81.482,162.292
-0.062,0.148,-0.268,-35.095,69.153,169.556
-0.046,0.274,-0.448,-25.879,46.875,174.561
-0.020,0.362,-0.620,-5.432,21.667,180.664
-0.054,0.504,-0.645,26.306,-1.465,182.800
-0.174,0.664,-0.641,48.706,-24.414,171.021
-0.277,0.956,-0.674,51.941,-48.767,143.677
-0.384,1.232,-0.729,50.781,-66.467,104.309
-0.469,1.414,-0.906,55.359,-74.036,56.580
-0.618,1.512,-1.226,70.984,-69.763,9.827
-0.712,1.507,-1.306,86.365,-56.702,-29.663
-0.718,1.391,-1.258,90.454,-50.659,-67.383
-0.559,1.190,-1.087,82.642,-64.148,-100.891
-0.397,0.978,-0.927,61.462,-97.412,-120.667
-0.309,0.796,-0.806,34.607,-138.123,-125.916
-0.290,0.637,-0.668,15.442,-170.593,-123.230
-0.300,0.468,-0.515,6.287,-190.613,-120.544
-0.270,0.304,-0.331,6.592,-200.317,-119.141
-0.246,0.165,-0.126,14.160,-202.515,-115.051
-0.231,0.052,0.081,28.137,-196.533,-106.018
-0.279,-0.064,0.304,46.021,-179.932,-95.703
-0.346,-0.245,0.524,65.857,-153.381,-89.966
-0.364,-0.519,0.811,85.693,-120.239,-87.280
-0.376,-0.855,1.049,103.577,-86.975,-81.848
-0.275,-1.318,1.361,112.000,-42.053,-68.726
0.063,-1.513,2.105,96.741,19.165,-55.664
0.714,-1.287,2.438,50.049,55.969,-40.710
0.768,-1.013,1.954,43.457,31.738,-48.889
0.285,-0.825,1.691,48.523,29.114,-55.664
0.056,-0.837,1.401,67.749,64.636,-75.684
-0.124,-0.840,1.189,86.426,106.873,-101.074
-0.292,-0.837,0.966,105.164,145.020,-123.779
-0.378,-0.812,0.845,120.667,174.866,-141.479
-0.401,-0.781,0.802,131.775,189.697,-148.560
-0.369,-0.745,0.760,139.832,192.932,-145.081
-0.335,-0.747,0.726,143.555,189.575,-134.155
-0.357,-0.825,0.665,147.766,186.218,-120.667
-0.365,-1.250,1.043,153.931,196.777,-107.544
0.371,-2.650,0.374,188.782,171.265,-88.440
2.685,-1.531,-1.018,488.770,-8.057,70.129
-1.216,-3.930,1.345,532.288,-159.485,63.660
-1.190,-1.886,0.778,425.964,-96.069,-147.278
0.185,-2.012,0.837,275.757,9.827,-133.362
1.522,-2.511,1.201,-101.807,97.534,30.823
2.406,-2.781,-0.563,-359.863,149.292,206.909
0.950,-1.013,0.396,-235.107,51.025,256.409
-0.533,-3.377,0.707,-69.153,-67.383,247.070
-0.540,-2.459,0.562,-39.612,-251.465,347.107
-0.912,-1.379,0.453,20.752,-307.495,459.595
-0.886,-2.371,0.918,173.950,-319.946,422.424
-0.761,-2.500,2.037,271.118,-340.942,275.146
-0.458,-2.535,2.659,208.557,-293.579,115.845
-0.341,-1.514,2.053,122.314,-201.050,40.222
-0.404,-1.392,1.801,88.867,-151.733,-23.560
0.265,-1.333,1.102,64.270,-62.500,-79.895
-0.057,-1.367,0.790,64.331,22.278,-80.139
-0.670,-1.357,0.970,79.590,62.805,-35.278
-1.012,-1.264,0.699,71.838,109.497,24.414
-0.855,-1.115,0.440,23.193,145.508,66.406
-0.885,-1.007,0.440,-32.837,126.526,91.431
-0.856,-0.878,0.528,-88.257,93.506,92.834
-0.766,-0.791,0.661,-129.456,67.932,79.346
-0.641,-0.735,0.684,-151.978,44.983,63.721
-0.518,-0.758,0.674,-163.757,19.409,52.612
-0.370,-0.871,0.654,-167.847,-1.587,47.119
-0.271,-0.987,0.668,-166.260,-14.954,46.021
-0.214,-0.998,0.640,-161.682,-15.076,49.683
-0.168,-0.981,0.644,-149.048,-4.333,57.495
-0.036,-1.030,0.772,-123.962,7.568,65.247
0.103,-1.095,1.006,-93.018,25.757,78.552
0.151,-1.126,1.179,-68.726,53.101,94.360
0.128,-1.104,1.283,-57.312,85.144,102.295
0.135,-1.090,1.290,-57.800,113.220,99.609
0.177,-1.133,1.316,-63.904,125.671,89.294
0.306,-1.143,1.188,-73.730,125.488,75.989
0.492,-1.114,1.074,-78.247,110.718,63.477
0.678,-1.028,1.072,-75.012,92.224,54.688
0.791,-0.929,1.039,-64.758,80.322,49.011
0.872,-0.814,1.075,-49.072,76.965,48.462
1.019,-0.688,1.012,-30.273,85.205,52.917
1.034,-0.587,0.985,-11.719,93.384,59.387
1.016,-0.558,0.900,-1.831,98.755,64.392
1.030,-0.519,0.714,0.427,99.854,71.045
0.986,-0.463,0.587,-6.348,99.182,80.627
0.870,-0.377,0.476,-15.137,91.309,91.797
0.747,-0.268,0.417,-19.958,76.599,102.966
-0.992,1.430,-1.398,-45.837,-71.838,9.888
-1.098,1.318,-1.451,-47.729,-78.918,-9.216
-0.832,1.164,-1.156,-27.710,-74.646,-53.894
-0.598,1.039,-0.949,-10.376,-90.942,-95.398
-0.476,0.851,-0.885,-3.418,-126.099,-112.122
-0.424,0.667,-0.850,0.305,-149.780,-113.953
-0.376,0.484,-0.807,5.676,-153.137,-114.441
-0.305,0.326,-0.723,15.442,-143.005,-116.455
-0.272,0.215,-0.637,28.381,-132.629,-118.469
-0.321,0.123,-0.544,46.387,-123.962,-119.812
-0.455,0.012,-0.425,68.665,-115.051,-120.422
-0.578,-0.113,-0.297,92.041,-102.356,-125.427
-0.622,-0.274,-0.131,114.929,-85.938,-136.230
-0.550,-0.471,0.150,132.324,-62.256,-148.437
-0.409,-0.715,0.474,139.648,-31.555,-154.297
-0.247,-0.959,0.900,133.240,8.484,-152.466
-0.206,-1.089,1.003,113.281,67.139,-139.832
-0.079,-1.454,1.397,115.112,117.065,-121.765
0.553,-1.650,1.615,110.168,145.447,-104.126
1.055,-1.566,1.506,79.224,189.209,-90.576
1.452,-1.741,1.678,52.490,235.779,-73.608
1.791,-1.487,1.528,39.795,247.620,-74.890
1.484,-1.379,1.256,34.790,221.924,-107.056
1.084,-1.252,1.060,27.649,195.679,-122.192
0.528,-1.100,0.790,17.761,180.542,-139.954
0.415,-0.946,0.779,12.695,181.702,-156.189
0.196,-0.852,0.601,17.639,152.100,-169.189
-0.035,-0.791,0.452,25.024,101.685,-162.842
-0.129,-0.812,0.310,22.217,65.186,-138.794
-0.189,-0.833,0.263,8.484,43.152,-107.605
-0.178,-0.875,0.395,-12.878,23.804,-82.520
-0.138,-0.901,0.511,-26.245,-1.892,-70.740
-0.096,-0.988,0.636,-21.301,-28.259,-67.566
0.007,-1.185,0.769,-4.700,-50.537,-66.406
0.136,-1.465,0.906,17.212,-64.819,-59.631
0.266,-1.732,0.997,44.128,-67.444,-47.546
0.464,-2.004,1.119,67.505,-56.030,-33.081
0.554,-1.944,1.039,80.872,-33.081,-16.541
0.534,-1.963,1.004,86.548,-11.536,-2.808
0.463,-2.016,1.034,85.815,6.165,8.728
0.324,-1.998,0.969,85.693,22.705,18.127
0.275,-1.959,0.972,81.238,36.133,23.132
0.141,-1.920,0.991,74.341,44.983,21.301
0.113,-1.890,1.004,59.875,48.523,14.771
0.347,-1.767,1.087,38.208,39.734,10.925
0.251,-1.757,0.944,19.897,-13.611,8.606
0.184,-1.729,0.928,-3.723,-37.720,5.920
0.181,-1.680,0.860,-29.114,-26.672,15.198
0.177,-1.634,0.744,-52.979,-7.751,19.287
0.108,-1.598,0.634,-64.941,8.911,24.231
0.004,-1.563,0.494,-61.951,18.372,33.142
-0.131,-1.547,0.396,-46.570,20.203,44.128
-0.237,-1.535,0.297,-25.085,15.808,55.481
-0.323,-1.520,0.273,-2.197,10.193,65.552
-0.387,-1.497,0.312,19.470,5.310,76.843
-0.424,-1.494,0.393,36.743,-4.822,86.853
-0.491,-1.434,0.481,45.288,-21.057,89.233
-0.511,-1.429,0.593,49.011,-34.241,88.989
-0.393,-1.449,0.718,46.997,-48.767,86.426
-0.147,-1.482,0.857,38.696,-61.890,86.121
0.003,-1.394,0.958,24.231,-68.298,92.407
0.115,-1.294,1.035,8.606,-70.313,104.126
0.172,-1.181,1.093,-6.592,-61.340,121.704
0.129,-1.109,1.080,-23.010,-40.771,139.282
0.063,-1.137,1.038,-39.856,-17.517,149.597
0.104,-1.211,0.954,-53.955,6.348,153.564
0.153,-1.270,0.873,-64.392,24.353,154.602
0.260,-1.284,0.843,-74.829,34.668,155.823
0.448,-1.254,0.841,-87.708,39.490,159.180
0.581,-1.132,0.849,-100.647,40.283,166.870
0.534,-0.961,0.832,-113.281,39.001,177.795
0.376,-0.787,0.811,-124.390,39.185,185.791
0.240,-0.719,0.749,-128.479,39.246,184.387
0.244,-0.692,0.597,-128.418,44.312,172.363
0.275,-0.744,0.438,-126.160,49.988,154.846
0.354,-0.638,0.346,-127.563,51.636,136.597
0.368,-0.582,0.275,-124.146,45.593,122.192
0.383,-0.327,0.463,-114.380,31.555,114.807
0.423,-0.350,0.393,-83.923,19.165,106.995
0.477,-0.362,0.375,-53.955,3.174,104.553
0.562,-0.313,0.508,-34.485,-8.972,104.370
0.603,-0.282,0.427,-13.000,-15.564,103.455
0.569,-0.259,0.422,6.287,-23.254,101.440
0.569,-0.235,0.374,21.118,-25.085,96.069
0.580,-0.163,0.329,29.358,-20.996,87.219
0.545,-0.060,0.296,34.363,-13.489,75.623
0.496,0.060,0.257,39.246,-7.080,64.087
0.455,0.109,0.196,44.128,-4.700,53.406
0.438,0.173,0.123,44.434,-4.089,45.044
0.409,0.245,0.067,41.016,-3.174,38.696
0.364,0.295,0.021,38.147,-3.479,33.386
0.250,0.331,-0.093,34.973,-6.470,28.442
0.214,0.311,-0.146,31.555,-12.146,27.649
0.159,0.349,-0.268,22.888,-20.691,27.588
0.120,0.343,-0.310,18.677,-33.508,28.503
0.098,0.328,-0.306,16.052,-48.889,29.541
0.095,0.365,-0.389,13.733,-63.782,30.334
0.091,0.378,-0.386,17.029,-72.510,30.823
0.101,0.395,-0.374,21.301,-76.782,28.259
0.118,0.445,-0.371,23.315,-82.703,23.254
0.139,0.503,-0.338,21.973,-90.393,17.334
0.140,0.595,-0.298,19.958,-94.360,10.742
0.157,0.659,-0.251,17.700,-95.032,2.075
0.188,0.686,-0.240,13.489,-93.384,-7.568
0.225,0.680,-0.225,7.080,-89.600,-16.968
0.274,0.679,-0.216,-0.549,-82.825,-23.743
0.281,0.691,-0.203,-7.324,-72.205,-26.550
0.226,0.672,-0.188,-11.536,-59.021,-26.733
0.112,0.594,-0.202,-13.184,-45.105,-28.076
0.030,0.476,-0.223,-15.442,-34.363,-34.241
-0.036,0.364,-0.219,-19.104,-31.616,-45.593
-0.057,0.272,-0.195,-20.020,-39.490,-59.021
-0.099,0.204,-0.138,-16.113,-55.969,-71.838
-0.153,0.117,-0.014,-6.714,-75.867,-82.886
-0.148,-0.024,0.192,4.211,-91.675,-93.933
-0.057,-0.107,0.400,13.062,-99.609,-107.483
0.056,-0.149,0.632,20.264,-90.942,-117.371
0.167,-0.111,0.836,24.475,-62.195,-123.596
0.226,-0.160,0.930,22.034,-25.818,-131.104
-0.286,-1.736,1.233,5.127,-15.564,184.204
-0.317,-1.847,1.378,38.574,-54.688,194.946
-0.381,-1.846,1.544,77.576,-99.060,187.134
-0.245,-1.832,1.791,115.051,-142.456,157.043
0.192,-1.841,2.234,141.296,-188.110,107.300
0.820,-1.760,2.762,169.006,-229.309,50.049
1.376,-1.858,3.097,213.013,-259.827,-3.479
2.027,-1.887,3.423,242.737,-245.117,-50.293
2.654,-1.794,3.325,226.685,-210.937,-75.745
2.694,-1.624,3.224,161.011,-145.813,-69.885
2.169,-1.417,2.949,62.805,-51.086,-33.813
1.441,-1.299,2.495,-27.405,57.068,9.827
0.828,-1.260,2.016,-81.421,147.705,40.771
0.331,-1.321,1.611,-94.543,197.815,54.993
0.038,-1.389,1.276,-80.261,210.144,55.786
-0.110,-1.452,1.106,-60.547,197.021,53.406
-0.197,-1.434,1.028,-51.392,169.739,52.429
-0.244,-1.362,1.006,-56.030,136.230,54.810
-0.308,-1.237,0.957,-65.552,96.863,62.256
-0.320,-1.138,0.883,-68.237,54.260,71.960
-0.306,-1.083,0.839,-62.561,10.498,75.500
-0.260,-1.105,0.936,-49.561,-26.306,65.735
-0.091,-1.098,1.059,-36.560,-40.588,45.288
0.142,-1.045,1.163,-27.161,-28.442,24.536
0.346,-1.020,1.248,-17.700,2.747,12.451
0.466,-0.959,1.268,-7.446,46.753,10.559
0.444,-0.864,1.256,4.333,95.520,11.108
0.371,-0.802,1.218,16.479,139.832,5.005
0.325,-0.780,1.144,21.057,177.856,-7.935
0.345,-0.749,1.055,12.451,202.698,-24.719
0.435,-0.677,0.938,-3.540,208.557,-40.955
0.547,-0.618,0.825,-16.357,195.312,-47.363
0.618,-0.600,0.727,-18.860,170.776,-41.138
0.643,-0.633,0.654,-12.939,142.761,-27.771
0.659,-0.642,0.582,-3.601,116.943,-13.306
0.667,-0.660,0.563,5.676,92.102,-5.310
0.740,-0.701,0.536,13.245,64.514,-4.395
0.847,-0.687,0.507,16.479,36.255,-5.371
0.929,-0.647,0.464,15.137,8.789,-4.089
0.948,-0.579,0.423,14.465,-15.259,0.366
0.946,-0.488,0.381,17.883,-30.823,9.644
0.882,-0.416,0.363,24.231,-37.415,20.203
0.836,-0.329,0.332,27.588,-36.255,29.541
0.781,-0.249,0.316,23.926,-31.738,32.104
0.741,-0.160,0.237,14.832,-32.959,26.306
0.686,-0.042,0.152,4.333,-32.715,12.390
0.640,0.018,0.062,-0.854,-29.968,-3.845
0.600,0.120,-0.028,-1.282,-27.527,-17.395
0.557,0.190,-0.134,3.113,-26.245,-26.794
0.521,0.270,-0.201,9.460,-22.644,-29.724
0.373,0.370,-0.289,16.785,-17.822,-27.649
0.271,0.473,-0.313,25.085,-7.141,-23.193
0.168,0.615,-0.392,31.006,0.793,-23.071
0.052,0.728,-0.408,39.978,9.644,-27.710
-0.047,0.849,-0.430,48.218,14.465,-41.382
-0.115,0.935,-0.527,57.007,19.470,-58.655
-0.140,0.981,-0.600,61.584,24.231,-75.195
-0.121,1.005,-0.624,58.472,22.278,-86.670
-0.067,1.026,-0.599,49.805,11.902,-91.248
-0.036,1.059,-0.583,35.095,-6.897,-89.417
-0.008,1.103,-0.542,18.066,-31.067,-82.886
-0.013,1.138,-0.472,2.991,-55.847,-74.951
-0.050,1.160,-0.394,-8.179,-74.036,-71.716
-0.091,1.108,-0.352,-15.808,-85.754,-76.904
-0.090,1.014,-0.316,-20.569,-92.896,-89.233
-0.092,0.897,-0.292,-23.682,-96.802,-104.553
-0.077,0.757,-0.295,-25.574,-99.731,-118.774
-0.051,0.609,-0.297,-27.527,-103.394,-128.967
-0.042,0.485,-0.269,-29.663,-107.849,-134.216
-0.050,0.375,-0.240,-31.128,-114.197,-135.437
-0.070,0.279,-0.173,-32.104,-121.643,-132.507
-0.080,0.189,-0.049,-32.227,-125.183,-126.892
-0.152,0.059,0.107,-29.114,-121.155,-119.202
-0.213,-0.108,0.268,-25.330,-110.596,-112.061
-0.175,-0.260,0.413,-23.560,-94.849,-106.750
-0.049,-0.464,0.618,-23.865,-73.792,-98.938
0.042,-0.516,0.785,-27.405,-45.288,-89.539
0.043,-0.554,0.915,-31.860,-10.437,-84.290
-0.010,-0.591,0.991,-34.241,28.381,-83.130
-0.041,-0.725,1.062,-38.391,66.284,-82.581
-0.134,-0.889,1.099,-46.570,97.473,-80.078
-0.178,-1.082,1.117,-55.298,118.774,-69.641
-0.166,-1.268,1.109,-57.861,130.432,-47.852
-0.201,-1.452,1.129,-49.194,134.460,-16.602
-0.211,-1.643,1.211,-28.198,134.888,21.912
-0.324,-1.900,1.274,6.348,126.099,64.331
-0.407,-2.329,1.573,53.772,105.957,107.788
-0.428,-2.786,1.838,113.403,77.209,149.597
-0.388,-3.219,1.988,175.232,25.757,169.067
-0.185,-3.389,1.998,209.778,-59.631,145.203
-0.060,-3.302,1.981,220.520,-159.180,81.238
0.661,-2.871,1.901,212.708,-243.896,-0.061
1.370,-2.515,2.135,172.119,-310.791,-88.135
2.727,-2.417,2.386,110.840,-350.891,-168.091
3.224,-2.568,2.693,50.720,-314.758,-223.389
2.455,-2.535,2.459,-10.193,-176.147,-215.088
0.943,-2.253,1.968,-67.200,38.818,-126.526
0.415,-1.920,1.213,-90.942,268.433,-30.640
0.089,-1.767,0.778,-58.533,399.658,26.428
-0.311,-1.791,0.696,5.737,429.199,44.739
-0.405,-1.807,0.711,64.514,393.799,40.466
-0.520,-1.767,0.876,99.426,311.096,42.419
-0.586,-1.623,0.952,100.708,204.407,55.786
-0.562,-1.527,1.002,74.341,97.412,73.792
-0.536,-1.404,1.020,34.180,6.409,97.107
-0.533,-1.229,1.045,-9.155,-58.777,121.216
-0.425,-1.228,1.011,-45.593,-111.572,152.039
-0.383,-1.253,1.048,-79.224,-143.188,168.884
-0.366,-1.186,1.029,-103.394,-138.428,182.678
-0.283,-1.116,1.022,-112.732,-112.732,192.200
-0.236,-1.065,0.967,-109.924,-84.106,190.613
-0.161,-1.059,0.896,-97.168,-56.335,176.270
-0.077,-1.087,0.801,-76.660,-37.659,155.090
-0.065,-1.071,0.730,-52.979,-19.592,128.296
-0.091,-1.037,0.730,-26.245,6.226,99.365
-0.011,-0.998,0.786,-0.305,39.185,71.838
0.134,-0.979,0.857,18.311,70.496,49.194
0.269,-0.917,0.917,27.039,97.534,36.560
0.341,-0.951,0.937,31.677,109.009,32.959
-0.331,-1.721,1.072,-17.700,55.725,12.939
-0.119,-1.861,1.252,-17.334,69.092,28.748
-0.029,-1.927,1.413,-5.188,85.571,23.071
-0.120,-1.996,1.453,15.686,100.342,-6.104
-0.323,-2.084,1.490,43.213,116.394,-48.706
-0.505,-2.236,1.486,76.721,121.460,-86.853
-0.734,-2.438,1.453,110.352,114.502,-111.084
-0.964,-2.634,1.400,135.925,99.426,-115.295
-0.859,-2.828,1.367,151.611,67.322,-107.666
-0.670,-3.091,1.346,151.672,1.892,-126.587
-0.094,-3.258,1.519,140.564,-87.524,-154.541
0.571,-3.423,1.749,125.427,-175.903,-185.913
1.340,-3.441,1.914,99.060,-259.583,-197.021
2.809,-3.286,2.173,48.950,-328.064,-170.593
2.898,-2.537,2.305,2.258,-358.398,-108.154
1.992,-2.041,2.143,-31.189,-313.599,-36.804
1.098,-1.948,1.741,-60.669,-175.964,20.935
0.274,-2.017,1.264,-68.726,10.864,67.200
-0.167,-2.104,1.122,-49.316,157.043,92.407
-0.285,-2.209,0.998,-8.545,241.333,100.220
-0.375,-2.272,0.992,36.926,258.728,96.924
-0.601,-2.174,1.047,72.937,243.835,98.999
-0.785,-2.057,1.145,89.172,209.839,103.027
-0.721,-1.916,1.168,85.999,162.537,103.149
-0.638,-1.725,1.097,71.594,104.431,100.830
-0.575,-1.611,1.023,53.223,37.231,101.990
-0.483,-1.528,0.970,29.724,-26.489,108.643
-0.392,-1.497,0.924,-0.061,-74.707,124.268
-0.295,-1.470,0.909,-36.377,-94.360,142.883
-0.243,-1.460,0.914,-70.374,-100.952,166.199
-0.170,-1.506,0.913,-94.849,-100.037,180.969
-0.098,-1.545,0.868,-110.046,-89.417,181.946
-0.026,-1.519,0.859,-118.225,-62.744,172.302
0.066,-1.440,0.853,-121.277,-24.902,158.508
0.130,-1.334,0.761,-118.164,15.442,143.494
0.160,-1.258,0.760,-109.009,50.293,126.221
0.200,-1.042,0.635,-91.919,84.900,109.619
0.221,-0.930,0.599,-61.829,116.943,89.478
0.236,-0.747,0.603,-31.799,124.451,74.341
0.285,-0.643,0.470,-7.324,122.192,62.866
0.293,-0.586,0.499,9.033,104.065,54.626
0.325,-0.574,0.437,19.348,74.402,50.964
0.389,-0.491,0.391,19.836,44.556,50.354
0.475,-0.366,0.316,14.648,18.616,49.927
0.489,-0.259,0.253,9.766,-0.610,49.866
0.518,-0.192,0.169,6.836,-13.245,50.598
0.557,-0.162,0.081,2.075,-19.409,51.270
0.570,-0.120,-0.004,-5.371,-20.569,52.246
0.601,-0.038,-0.097,-12.756,-21.301,56.152
0.597,0.062,-0.154,-15.015,-21.851,61.890
0.541,0.252,-0.217,-12.634,-21.729,63.843
0.432,0.437,-0.266,-6.409,-19.409,59.998
0.314,0.734,-0.363,1.465,-13.123,51.758
0.119,1.042,-0.421,16.479,-3.357,43.335
-0.132,1.446,-0.499,44.922,19.043,35.767
-0.568,1.799,-0.486,85.693,64.026,27.405
-0.797,2.120,-0.559,131.409,129.333,14.587
-0.949,2.165,-0.594,151.672,166.443,-8.423
-0.948,1.953,-0.600,143.921,168.945,-44.739
-0.792,1.492,-0.649,102.783,131.226,-85.632
-0.558,1.019,-0.661,36.621,63.660,-116.699
-0.301,0.624,-0.627,-33.020,-14.160,-124.939
-0.130,0.354,-0.504,-89.661,-88.013,-108.032
0.021,0.189,-0.398,-124.451,-148.376,-77.698
0.153,0.096,-0.282,-143.921,-189.941,-46.997
0.283,0.104,-0.180,-153.198,-212.097,-21.301
0.381,0.185,-0.073,-151.428,-215.271,-1.465
0.461,0.302,0.011,-136.536,-201.599,13.794
0.351,0.427,0.078,-110.168,-176.514,20.142
0.378,0.521,0.068,-80.505,-135.620,-9.216
0.324,0.532,0.203,-46.570,-73.303,-53.711
0.332,0.499,0.175,-6.409,-40.771,-83.862
0.239,0.490,0.186,28.015,-26.062,-111.755
0.187,0.482,0.178,49.133,-24.536,-125.488
0.166,0.484,0.246,52.856,-31.006,-127.014
0.044,0.342,0.089,42.358,-44.189,-121.094
-0.037,0.214,0.123,17.883,-29.968,-122.314
-0.072,0.135,0.324,-8.240,-23.071,-114.929
-0.154,-0.140,0.358,-28.320,-39.795,-96.802
-0.269,-0.351,0.485,-47.546,-51.697,-74.646
-0.386,-0.574,0.643,-67.383,-52.612,-52.612
-0.489,-0.902,0.875,-81.482,-45.837,-30.945
-0.466,-1.186,1.012,-90.149,-42.847,-10.559
-0.314,-1.391,0.996,-98.022,-43.213,1.404
-0.108,-1.551,1.088,-102.051,-37.170,0.488
0.190,-1.708,1.208,-102.295,-24.963,-0.488
0.353,-1.698,1.284,-99.243,3.296,0.854
0.110,-1.776,1.351,-83.069,34.790,-24.414
-0.254,-1.935,1.408,-40.466,70.923,-43.091
-0.638,-2.125,1.421,11.169,113.159,-48.096
-0.960,-2.288,1.314,76.538,161.011,-24.475
-0.790,-2.492,1.558,137.085,189.880,-22.461
-0.849,-2.752,1.620,195.557,130.737,-58.716
-0.744,-2.841,1.865,230.652,51.453,-113.403
-0.301,-2.698,2.005,229.126,-28.809,-170.715
0.208,-2.617,2.131,193.359,-103.333,-223.267
0.875,-2.518,2.352,135.620,-156.555,-251.831
1.539,-2.494,2.392,79.102,-173.523,-237.366
1.799,-2.463,2.275,41.077,-155.884,-217.102
1.665,-2.444,1.819,18.738,-87.463,-150.146
1.344,-2.415,1.490,-8.057,3.967,-70.129
0.894,-2.370,1.388,-21.912,74.158,5.798
0.476,-2.308,1.413,-17.334,112.732,65.491
0.127,-2.260,1.399,-2.625,123.535,103.394
-0.135,-2.231,1.396,12.512,116.760,122.559
-0.322,-2.162,1.429,20.508,104.675,131.165
-0.480,-2.045,1.457,19.165,94.543,131.409
-0.478,-1.883,1.436,14.832,85.510,127.869
-0.474,-1.703,1.376,7.446,75.684,127.686
-0.450,-1.602,1.328,-2.441,69.885,133.545
-0.355,-1.559,1.260,-13.550,65.247,142.334
-0.223,-1.507,1.156,-23.499,59.204,150.696
-0.099,-1.437,1.079,-28.809,53.101,155.396
0.005,-1.401,1.037,-26.917,52.307,154.358
0.102,-1.391,0.958,-18.738,57.007,147.766
0.183,-1.372,0.837,-10.376,67.688,136.475
0.275,-1.273,0.759,-2.380,79.041,126.282
0.289,-1.126,0.678,9.705,84.412,118.530
0.313,-1.003,0.624,25.085,87.036,109.863
-0.814,1.952,-0.497,140.625,128.052,10.010
-0.789,1.867,-0.466,132.019,122.681,-15.015
-0.644,1.602,-0.453,97.107,91.553,-42.725
-0.403,1.216,-0.464,44.495,43.701,-62.622
-0.221,0.852,-0.458,-10.010,-8.057,-67.139
-0.077,0.576,-0.428,-53.101,-56.152,-56.519
0.041,0.374,-0.349,-83.191,-96.863,-38.940
0.166,0.273,-0.235,-103.638,-130.615,-24.170
0.288,0.253,-0.135,-113.281,-156.067,-14.160
0.352,0.299,-0.069,-111.450,-170.349,-9.644
0.388,0.379,-0.028,-100.464,-169.617,-9.827
0.385,0.462,0.014,-84.412,-156.921,-16.235
0.320,0.511,0.030,-66.162,-137.817,-30.151
0.231,0.530,0.019,-46.936,-115.662,-49.255
0.152,0.502,-0.013,-30.029,-93.933,-68.909
0.078,0.463,-0.041,-18.921,-76.660,-86.975
0.000,0.425,-0.061,-13.367,-64.270,-102.417
-0.130,0.382,-0.052,-10.559,-54.932,-114.380
-0.269,0.308,-0.038,-9.583,-47.241,-123.657
-0.368,0.189,-0.024,-12.085,-44.250,-131.348
-0.508,-0.008,0.023,-19.226,-51.025,-138.062
-0.575,-0.250,0.055,-28.625,-67.810,-141.541
-0.557,-0.531,0.136,-39.856,-92.957,-136.292
-0.542,-0.739,0.284,-49.438,-123.535,-120.239
-0.475,-0.907,0.377,-49.377,-150.208,-96.558
-0.300,-1.055,0.623,-45.105,-155.334,-68.665
-0.065,-1.160,0.830,-43.030,-130.554,-43.274
0.032,-1.200,0.996,-44.250,-84.717,-28.625
0.125,-1.426,1.150,-42.236,-24.536,-20.447
0.179,-1.706,1.268,-34.119,44.434,-15.686
0.213,-2.084,1.354,-10.986,118.042,-18.372
0.267,-2.333,1.340,30.334,195.679,-36.011
0.389,-2.575,1.308,81.787,262.390,-76.965
0.423,-2.726,1.360,119.690,299.438,-143.127
0.315,-2.751,1.307,146.606,299.011,-205.505
0.486,-2.769,1.514,166.504,267.883,-228.394
0.579,-2.896,1.637,192.871,190.308,-209.045
0.678,-2.944,1.958,189.575,105.347,-150.818
0.856,-2.893,2.074,134.277,12.390,-82.703
0.749,-2.733,2.050,70.129,-91.003,-17.456
0.787,-2.541,1.984,0.916,-178.101,35.095
0.812,-2.443,1.858,-68.909,-228.577,67.261
0.816,-2.405,1.654,-117.310,-246.155,77.454
0.617,-2.340,1.329,-127.014,-227.966,62.866
0.304,-2.353,0.970,-125.549,-168.396,28.809
0.311,-2.295,0.751,-123.901,-51.208,3.418
0.339,-2.201,0.608,-97.351,59.265,-6.165
0.362,-2.109,0.604,-37.903,128.296,4.700
0.323,-2.096,0.700,37.781,157.288,34.363
0.233,-2.103,0.810,108.887,153.748,70.007
0.079,-2.096,1.049,160.828,130.920,103.333
-0.098,-2.043,1.338,185.120,100.037,130.188
-0.228,-1.900,1.539,179.871,66.772,144.104
-0.307,-1.641,1.650,152.222,34.912,142.700
-0.303,-1.373,1.616,111.694,4.761,134.827
-0.212,-1.197,1.491,71.960,-28.625,129.822
-0.130,-1.132,1.305,37.048,-63.477,130.493
-0.048,-1.120,1.090,4.639,-89.966,135.315
0.043,-1.164,0.892,-24.048,-105.347,141.724
0.085,-1.180,0.734,-45.349,-102.234,154.480
0.069,-1.232,0.629,-57.068,-72.815,173.279
0.008,-1.218,0.444,-68.420,-23.804,192.871
0.154,-1.097,0.606,-76.416,26.367,206.299
0.423,-0.866,0.745,-52.124,44.312,205.017
0.384,-0.780,0.605,10.132,15.503,180.908
0.307,-0.707,0.592,53.040,-13.794,150.146
0.277,-0.618,0.561,78.369,-36.011,119.629
0.279,-0.511,0.532,87.952,-52.063,91.614
0.333,-0.400,0.508,86.426,-65.979,70.618
0.416,-0.357,0.461,81.055,-74.890,59.021
0.512,-0.321,0.462,69.153,-76.599,54.810
0.595,-0.292,0.466,56.946,-75.867,54.626
0.678,-0.287,0.385,42.725,-75.439,57.739
0.748,-0.238,0.383,30.212,-75.195,61.768
0.740,-0.209,0.324,13.245,-75.684,60.669
0.788,-0.158,0.228,-4.578,-78.674,57.129
0.855,-0.063,0.125,-22.766,-80.322,52.246
0.858,0.097,0.091,-33.508,-79.468,47.607
0.767,0.184,0.049,-30.518,-72.205,45.593
0.655,0.320,-0.015,-18.066,-57.678,42.542
0.557,0.399,-0.068,-3.052,-37.537,32.837
0.403,0.651,-0.118,15.198,-7.141,23.987
0.176,0.890,-0.118,44.250,31.311,14.221
-0.179,1.178,-0.175,80.383,78.308,1.465
-0.506,1.440,-0.182,119.568,130.249,-15.747
-0.746,1.654,-0.331,152.893,188.110,-32.593
-0.854,1.717,-0.407,156.921,222.900,-45.166
-0.845,1.619,-0.426,127.747,215.027,-57.922
-0.638,1.382,-0.441,65.491,157.349,-74.097
-0.375,1.105,-0.477,-13.000,70.129,-82.336
-0.261,0.871,-0.442,-83.313,-16.785,-69.824
-0.114,0.619,-0.325,-133.423,-84.229,-45.654
-0.046,0.456,-0.243,-166.138,-131.714,-26.611
0.041,0.374,-0.165,-184.814,-162.292,-15.076
0.138,0.336,-0.082,-189.941,-176.819,-8.911
0.209,0.331,-0.018,-183.167,-178.955,-5.432
0.291,0.355,0.005,-166.504,-172.180,-5.737
0.331,0.386,0.022,-142.883,-162.109,-9.888
0.345,0.424,0.020,-115.845,-149.475,-16.602
0.298,0.461,0.018,-87.891,-132.629,-28.809
0.266,0.477,0.000,-61.218,-110.291,-47.485
0.242,0.467,-0.032,-38.147,-83.130,-69.641
0.206,0.440,-0.044,-20.020,-54.260,-90.271
0.146,0.429,-0.045,-6.409,-29.907,-106.384
0.065,0.411,-0.020,4.272,-11.169,-116.638
-0.050,0.379,0.014,13.245,2.869,-123.291
-0.169,0.302,0.047,20.813,13.550,-127.502
-0.232,0.199,0.100,23.804,21.179,-130.249
-0.264,0.093,0.163,21.790,25.696,-130.981
-0.304,0.006,0.256,16.418,29.846,-129.456
-0.349,-0.090,0.345,7.812,37.842,-126.770
-0.373,-0.315,0.477,-5.127,55.664,-122.742
-0.315,-0.583,0.593,-25.635,76.355,-111.206
-0.117,-0.997,0.778,-54.565,97.412,-85.693
0.220,-1.310,0.992,-86.670,124.756,-40.222
0.320,-1.603,1.234,-106.445,150.269,17.273
0.193,-1.901,1.436,-100.647,164.429,83.130
-0.228,-2.093,1.599,-82.153,167.847,137.146
-0.421,-2.428,1.713,-53.101,163.025,170.044
-0.907,-3.093,1.725,29.663,74.036,115.051
-0.598,-3.271,1.876,67.566,8.362,45.776
0.212,-3.467,1.978,96.191,-71.411,-50.293
1.212,-3.530,2.187,111.694,-166.565,-146.423
2.480,-3.412,2.477,146.484,-263.000,-208.435
3.950,-3.335,2.307,192.932,-345.520,-228.088
4.000,-3.366,2.541,186.035,-391.907,-200.623
4.000,-2.954,2.698,134.705,-336.670,-105.530
2.630,-2.295,2.464,68.054,-196.350,23.743
1.309,-1.854,2.011,16.174,19.104,131.104
0.701,-1.853,1.728,-6.836,186.707,182.983
0.210,-2.030,1.619,-10.376,230.652,181.702
-0.026,-2.086,1.585,-7.751,202.271,157.532
-0.164,-2.047,1.517,-7.751,150.635,130.066
-0.171,-1.877,1.401,-14.954,96.191,108.948
-0.294,-1.583,1.370,-25.818,51.208,102.722
-0.229,-1.520,1.201,-29.236,-15.625,128.967
-0.308,-1.499,1.091,-27.283,-99.976,144.470
-0.358,-1.479,1.000,-30.212,-141.418,140.686
-0.329,-1.489,0.872,-27.710,-140.015,126.648
-0.201,-1.441,0.977,-20.447,-101.196,101.013
0.099,-1.412,0.995,-4.028,-54.443,78.918
0.265,-1.303,0.949,17.639,-25.879,69.031
0.260,-1.234,0.924,34.241,-10.742,57.617
0.256,-1.244,0.898,45.349,6.531,45.349
0.271,-1.264,0.832,49.622,32.104,40.344
0.279,-1.266,0.746,43.945,61.218,42.969
0.449,-1.136,0.636,31.433,75.256,49.988
0.526,-1.045,0.500,25.635,69.092,46.143
0.483,-0.932,0.366,25.879,52.307,38.086
0.373,-0.813,0.263,27.405,49.133,39.001
0.362,-0.691,0.237,23.315,67.627,48.462
0.529,-0.449,0.301,20.752,85.938,56.458
0.551,-0.299,0.216,30.273,73.608,60.486
0.489,-0.124,0.226,39.307,44.800,62.622
0.414,-0.028,0.187,43.884,22.888,61.035
0.394,0.036,0.133,43.701,16.235,55.237
0.427,0.069,0.068,38.452,18.127,47.302
0.480,0.124,0.021,29.602,21.301,39.001
0.468,0.207,-0.007,22.034,17.456,33.142
0.397,0.315,-0.028,18.738,12.146,28.198
0.311,0.424,-0.050,19.104,18.127,24.048
0.212,0.516,-0.067,23.193,35.339,21.973
0.113,0.615,-0.079,29.724,58.472,20.935
0.025,0.655,-0.099,37.109,80.078,19.287
-0.018,0.691,-0.119,46.021,100.342,15.259
-0.042,0.743,-0.131,54.321,112.610,11.353
-0.078,0.841,-0.123,60.730,113.342,9.216
-0.146,0.927,-0.097,65.674,106.323,9.094
-0.211,1.005,-0.067,66.711,96.375,7.507
-0.249,1.056,-0.041,59.570,83.740,5.310
-0.247,1.043,-0.021,43.579,66.406,2.075
-0.192,0.976,-0.017,20.752,45.166,-1.099
-0.108,0.881,-0.025,-5.737,22.644,-3.418
-0.060,0.797,-0.027,-31.006,-0.183,-4.761
-0.013,0.714,-0.027,-51.819,-22.644,-6.714
0.036,0.604,-0.036,-68.604,-43.518,-10.925
0.112,0.493,-0.033,-83.618,-61.218,-15.930
0.176,0.410,-0.035,-96.802,-78.430,-19.775
0.236,0.361,-0.038,-105.896,-93.140,-21.057
0.272,0.359,-0.044,-108.948,-104.004,-20.508
0.302,0.390,-0.044,-106.018,-110.901,-19.104
0.279,0.455,-0.027,-98.267,-112.915,-20.020
0.234,0.518,-0.006,-87.341,-109.619,-26.855
0.155,0.569,0.010,-75.378,-101.807,-40.649
0.036,0.582,0.056,-65.674,-90.210,-59.631
-0.061,0.538,0.080,-59.937,-77.271,-78.247
-0.151,0.464,0.100,-57.617,-68.420,-93.689
-0.239,0.367,0.145,-55.908,-66.223,-104.065
-0.317,0.248,0.190,-51.331,-67.627,-110.229
-0.379,0.111,0.223,-44.250,-69.336,-115.112
-0.434,-0.040,0.247,-35.583,-68.359,-121.521
-0.433,-0.198,0.248,-25.818,-63.049,-126.770
-0.443,-0.395,0.260,-17.944,-53.528,-131.287
-0.367,-0.620,0.330,-12.451,-35.889,-132.202
-0.257,-0.877,0.453,-8.728,-14.465,-128.540
-0.301,-1.083,0.658,-6.836,14.587,-119.019
-0.088,-1.508,0.880,-5.554,34.424,-93.628
-0.084,-1.874,0.963,-8.728,9.888,-67.810
0.030,-2.113,0.990,-13.855,-13.245,-20.386
0.063,-2.227,1.037,-22.583,-18.066,30.640
-0.049,-2.319,1.273,-22.949,-10.742,68.665
-0.156,-2.494,1.536,-5.310,-3.967,90.576
-0.209,-2.725,1.728,27.710,-9.888,102.417
-0.203,-2.913,1.848,65.491,-32.959,103.699
-0.101,-3.059,1.983,95.947,-67.017,84.473
0.210,-3.099,2.127,113.647,-100.464,33.386
0.686,-3.009,2.180,122.925,-126.038,-45.654
1.430,-2.856,2.093,133.606,-100.037,-135.071
2.235,-2.780,2.000,120.361,-70.007,-212.036
2.714,-2.685,1.887,83.496,-75.806,-237.366
2.785,-2.549,1.604,60.181,-73.303,-197.144
2.463,-2.470,1.498,33.508,-45.471,-116.028
1.935,-2.264,1.441,6.958,2.808,-12.878
1.315,-2.174,1.391,-3.174,54.016,73.975
0.804,-2.113,1.462,-9.216,98.267,121.704
0.395,-2.102,1.489,-8.118,127.563,136.963
0.169,-2.100,1.518,-4.639,142.761,132.141
-0.012,-2.003,1.509,-8.545,136.414,115.479
-0.193,-1.837,1.439,-19.470,111.267,96.924
-0.271,-1.702,1.280,-32.593,74.829,84.534
-0.546,-1.586,1.018,-44.495,38.696,81.604
-0.151,-1.530,0.990,-59.631,35.400,94.177
-0.055,-1.566,0.921,-74.097,1.404,98.389
0.139,-1.733,0.868,-79.285,-42.358,108.398
0.428,-1.731,0.802,-86.243,-50.659,121.826
0.541,-1.550,0.822,-87.830,-34.180,137.878
0.464,-1.296,0.882,-70.007,-6.470,147.766
0.363,-1.146,0.814,-31.677,28.870,146.362
0.318,-1.054,0.705,0.916,71.167,135.742
0.319,-0.945,0.567,17.944,105.347,120.850
0.317,-0.821,0.470,22.827,123.596,102.112
0.322,-0.709,0.342,24.658,125.549,82.520
0.281,-0.593,0.235,29.236,119.568,65.918
0.261,-0.502,0.160,37.903,109.253,52.917
0.311,-0.385,0.074,46.814,97.229,43.579
0.326,-0.270,0.029,52.063,85.022,36.621
0.353,-0.155,0.019,52.979,71.045,31.921
0.392,-0.044,0.032,50.842,57.495,30.762
-0.605,-1.899,1.416,56.152,17.822,1.953
-0.629,-2.305,1.500,48.462,60.791,34.790
-0.599,-2.713,1.528,33.691,85.876,58.105
-0.648,-3.090,1.546,21.484,84.595,66.406
-0.427,-3.479,1.657,22.034,62.195,60.852
0.033,-3.737,1.752,25.879,18.005,32.410
0.708,-3.695,1.776,34.363,-48.950,-25.574
1.520,-3.747,1.954,60.242,-136.475,-100.403
2.141,-3.444,1.934,103.699,-213.013,-157.959
2.764,-3.207,1.591,133.118,-241.699,-181.946
2.780,-2.979,1.574,114.319,-207.520,-180.725
2.497,-2.682,1.463,87.524,-110.046,-141.663
1.683,-2.363,1.285,70.007,2.563,-75.623
1.047,-2.131,1.023,69.763,101.440,-10.193
0.565,-2.042,0.943,68.848,171.265,34.851
0.236,-2.004,0.941,63.721,200.317,53.894
0.134,-1.930,1.102,60.364,202.820,55.542
0.020,-1.972,1.054,54.626,128.113,69.275
-0.205,-1.949,1.018,49.377,41.016,83.069
-0.196,-1.904,1.017,29.053,0.671,94.116
-0.216,-1.833,1.015,8.972,-22.522,96.802
-0.232,-1.762,0.981,-7.812,-33.142,93.262
-0.188,-1.693,0.949,-22.461,-34.973,92.163
-0.112,-1.645,0.907,-36.804,-30.762,94.849
0.024,-1.574,0.818,-45.898,-22.278,101.746
0.090,-1.462,0.741,-47.058,-15.320,107.544
0.103,-1.387,0.674,-37.964,-19.104,104.492
0.090,-1.368,0.582,-21.973,-25.635,93.750
0.130,-1.343,0.496,-7.690,-20.813,82.764
0.191,-1.294,0.450,2.380,-6.836,76.599
0.154,-1.228,0.406,9.094,18.433,76.904
0.394,-0.988,0.428,10.559,44.617,76.660
0.447,-0.856,0.376,23.254,35.950,65.857
0.398,-0.745,0.341,41.199,12.085,56.152
0.366,-0.649,0.325,47.974,1.282,55.359
0.405,-0.529,0.294,45.044,6.226,60.486
0.427,-0.430,0.276,37.842,5.371,64.026
0.471,-0.358,0.267,28.809,-7.507,62.988
0.519,-0.278,0.249,18.677,-24.780,57.922
0.533,-0.204,0.221,7.019,-42.664,48.645
0.558,-0.101,0.133,-3.357,-57.739,37.537
0.559,-0.042,0.081,-11.108,-62.622,27.100
0.556,-0.006,0.039,-18.860,-62.256,16.235
0.567,0.028,-0.014,-26.978,-59.814,5.798
0.584,0.089,-0.042,-31.982,-55.237,-0.977
0.568,0.144,-0.052,-30.579,-51.453,-2.869
0.548,0.197,-0.056,-23.865,-47.974,-2.136
0.522,0.259,-0.042,-15.137,-41.382,-1.221
0.499,0.328,-0.026,-6.470,-29.968,-2.197
0.447,0.401,-0.005,3.540,-13.306,-3.662
0.365,0.485,0.017,15.198,6.592,-6.042
0.264,0.539,0.041,28.625,29.846,-11.108
0.198,0.652,0.119,40.833,57.373,-18.982
0.076,0.732,0.116,55.420,86.548,-28.748
0.023,0.676,0.051,59.326,108.704,-33.997
0.040,0.662,0.025,39.673,119.751,-32.898
0.044,0.590,0.005,11.414,113.586,-24.963
0.055,0.545,-0.012,-16.174,90.637,-11.780
0.075,0.517,-0.015,-40.161,56.763,3.052
0.072,0.511,-0.011,-58.533,18.799,18.860
0.072,0.518,-0.010,-72.083,-18.066,35.339
0.088,0.534,0.010,-85.022,-52.979,50.964
0.084,0.558,0.029,-96.130,-83.618,60.730
0.091,0.581,0.047,-102.112,-104.065,61.829
0.110,0.588,0.040,-101.868,-113.220,56.030
0.139,0.590,0.021,-96.558,-112.732,45.410
0.152,0.590,0.008,-87.891,-104.370,31.982
0.149,0.587,-0.013,-75.745,-92.041,18.372
0.095,0.577,-0.044,-60.242,-78.918,3.662
0.049,0.539,-0.068,-44.861,-61.768,-12.878
0.025,0.486,-0.082,-31.738,-42.358,-32.898
0.011,0.443,-0.092,-20.264,-24.597,-54.626
-0.021,0.389,-0.087,-9.460,-12.817,-75.073
-0.059,0.311,-0.057,-0.916,-10.193,-93.262
-0.099,0.211,-0.013,4.272,-14.404,-110.474
-0.119,0.085,0.042,5.249,-21.179,-125.305
-0.140,-0.063,0.100,4.272,-27.466,-135.742
-0.175,-0.237,0.186,4.272,-29.480,-141.846
-0.222,-0.406,0.295,5.981,-29.846,-146.179
-0.209,-0.582,0.425,8.179,-26.794,-149.109
-0.337,-0.699,0.572,10.620,-18.677,-150.513
-0.097,-0.966,0.721,14.221,-16.479,-145.813
-0.199,-1.240,0.886,18.311,-29.541,-149.780
-0.128,-1.472,1.044,19.897,-5.859,-141.968
-0.110,-1.716,1.152,11.719,45.044,-127.441
-0.114,-1.956,1.227,-1.221,107.178,-107.422
-0.239,-2.198,1.304,-13.977,166.809,-81.177
-0.395,-2.467,1.311,-19.836,210.510,-46.265
-0.482,-2.767,1.312,-17.212,231.262,-5.005
-0.409,-3.092,1.314,1.221,224.792,37.903
0.023,-3.346,1.256,26.733,181.274,58.472
0.082,-3.526,1.329,46.265,96.802,23.682
0.519,-3.700,1.419,61.584,-13.855,-37.231
1.057,-3.511,1.484,71.350,-120.361,-90.637
1.732,-3.310,1.278,83.374,-210.083,-127.136
2.068,-3.145,1.094,78.369,-261.963,-150.940
2.119,-2.971,1.089,49.744,-252.197,-153.442
1.609,-2.685,1.062,21.790,-196.716,-118.958
0.927,-2.496,0.942,14.343,-117.371,-51.392
0.417,-2.159,0.930,22.461,-24.231,18.677
-0.081,-1.961,0.944,46.326,54.199,80.322
-0.575,-1.764,1.060,84.229,116.760,139.160
-0.648,-1.661,1.191,119.324,86.731,237.427
-0.384,-2.877,1.167,174.805,8.423,321.289
-0.358,-2.009,0.883,117.920,6.897,291.077
-0.438,-1.542,1.347,14.648,-6.714,240.051
-0.328,-1.487,1.379,-7.080,-21.606,198.730
-0.181,-1.321,0.962,-1.221,-29.175,172.485
-0.356,-1.255,1.013,-11.169,-39.429,151.978
-0.406,-1.206,0.915,-35.400,-25.146,145.264
-0.289,-1.161,0.811,-62.927,11.658,140.991
-0.142,-1.135,0.708,-78.308,28.687,127.502
-0.056,-1.120,0.634,-76.721,25.452,109.131
0.038,-1.070,0.583,-65.674,20.081,91.675
0.095,-1.033,0.532,-47.180,17.029,77.332
0.175,-1.026,0.496,-26.917,19.836,63.049
0.278,-1.036,0.474,-10.742,30.945,50.415
0.352,-1.035,0.418,-3.296,45.349,39.856
0.431,-0.998,0.394,-4.639,59.143,32.898
-1.373,-1.456,1.058,10.681,142.883,-268.005
-1.177,-2.102,0.904,-35.034,134.705,-257.141
-0.777,-2.606,0.545,-98.511,91.431,-237.061
-0.460,-2.786,0.702,-176.880,36.133,-216.675
-0.481,-2.993,1.158,-225.342,-40.161,-201.355
-0.675,-3.381,1.212,-191.467,-129.395,-167.908
-0.751,-3.527,1.178,-99.060,-183.350,-116.394
-0.675,-3.482,1.270,0.305,-204.163,-53.284
-0.611,-3.556,1.652,84.778,-201.599,16.785
-0.571,-3.606,1.802,173.950,-172.180,58.228
-0.464,-3.420,1.613,267.944,-107.788,40.466
-0.192,-3.332,1.501,330.750,-21.606,-29.053
0.262,-3.137,1.378,323.486,78.552,-113.159
0.782,-2.834,1.180,267.212,158.997,-182.739
0.939,-2.529,1.047,209.717,197.815,-209.229
0.683,-2.437,0.993,174.927,201.111,-182.922
0.495,-2.137,0.831,151.367,201.904,-112.366
0.285,-2.324,0.658,183.044,59.753,68.787
-0.083,-1.965,0.864,210.144,-122.986,210.693
-0.681,-1.926,1.151,149.597,-158.203,238.037
-0.985,-1.903,0.712,72.083,-158.997,245.911
-1.070,-1.740,0.793,-13.916,-180.054,256.897
-1.076,-1.685,0.748,-83.496,-202.637,253.662
-1.005,-1.733,0.684,-133.301,-213.989,242.371
-0.926,-1.775,0.710,-165.161,-205.566,233.032
-0.838,-1.724,0.723,-183.838,-171.082,221.558
-0.821,-1.639,0.709,-185.181,-113.586,209.351
-0.776,-1.612,0.687,-165.039,-48.462,193.542
-0.754,-1.593,0.600,-132.385,13.672,174.133
-0.661,-1.602,0.506,-94.604,63.416,154.785
-0.616,-1.585,0.449,-57.556,92.407,138.428
-0.469,-1.643,0.439,-27.283,108.643,127.930
-0.393,-1.674,0.484,-13.062,119.385,119.568
-0.332,-1.691,0.375,-13.184,126.099,112.976
-0.242,-1.701,0.446,-23.743,122.314,110.657
-0.111,-1.627,0.424,-51.025,119.507,118.530
0.031,-1.423,0.511,-89.172,126.648,126.953
0.154,-1.286,0.504,-120.361,135.437,123.169
0.207,-0.973,0.428,-141.724,150.513,114.014
0.762,-0.643,-0.134,-126.160,164.978,105.286
0.692,-0.508,0.522,-46.387,65.552,105.103
0.671,-0.522,0.228,-12.634,23.132,95.581
0.619,-0.347,0.273,-1.343,-0.244,91.370
0.631,-0.218,0.246,-0.244,-9.277,81.177
0.618,-0.073,0.232,0.671,-16.724,71.106
0.610,0.026,0.151,0.427,-26.001,62.439
0.589,0.105,0.077,-3.235,-32.532,52.856
0.632,0.176,0.042,-7.019,-36.316,43.335
0.677,0.244,-0.076,-11.780,-43.396,34.241
0.587,0.369,-0.146,-10.437,-47.485,27.283
0.570,0.479,-0.204,-4.211,-44.250,27.771
0.524,0.591,-0.207,7.690,-33.997,29.297
0.400,0.685,-0.187,24.536,-22.156,26.245
0.270,0.804,-0.157,39.612,-15.564,19.714
0.112,0.909,-0.188,52.917,-16.846,10.376
-0.087,0.984,-0.339,73.486,-13.062,-2.502
-0.250,1.070,-0.378,101.013,16.724,-19.409
-0.250,1.055,-0.368,119.934,56.519,-35.156
-0.256,1.083,-0.312,126.709,82.520,-55.237
-0.259,1.086,-0.279,118.591,80.933,-72.021
-0.196,1.050,-0.242,99.060,58.960,-81.299
-0.058,0.990,-0.164,68.481,26.184,-79.834
0.093,0.911,-0.081,32.043,-8.484,-66.528
0.115,0.868,-0.002,0.244,-40.955,-49.194
0.225,0.808,0.080,-23.987,-66.406,-35.950
0.351,0.815,0.140,-44.739,-82.642,-25.635
0.380,0.745,0.211,-59.021,-92.529,-16.846
0.436,0.683,0.240,-70.740,-96.741,-13.977
0.490,0.610,0.197,-80.444,-95.276,-16.785
0.499,0.522,0.128,-88.013,-83.496,-22.461
0.438,0.446,0.096,-93.018,-63.782,-29.968
0.309,0.382,0.038,-93.506,-43.091,-39.307
0.158,0.333,-0.033,-86.426,-24.475,-50.659
-0.011,0.306,-0.088,-73.608,-5.859,-62.988
-0.238,0.295,-0.123,-56.335,11.353,-75.317
-0.437,0.235,-0.111,-34.973,25.269,-84.778
-0.482,0.080,-0.092,-12.207,29.724,-90.088
-0.511,-0.283,-0.056,5.859,22.583,-86.609
-0.536,-0.486,0.044,15.625,11.475,-72.937
-0.307,-1.266,0.437,16.113,9.521,-42.297
0.283,-1.428,0.673,-19.470,-8.301,-33.569
0.622,-1.471,0.803,-63.049,-28.809,-30.029
0.863,-1.312,0.768,-92.407,-38.452,-10.620
0.930,-1.177,0.784,-88.257,-37.720,-4.883
0.498,-1.103,0.815,-51.025,-22.278,-17.273
0.326,-1.130,0.784,-12.390,-11.780,-32.349
-0.098,-1.274,0.700,20.264,6.042,-56.458
-0.523,-1.572,0.711,32.959,52.979,-79.712
-0.807,-1.816,0.532,33.203,110.413,-103.882
-0.810,-2.107,0.577,31.433,170.471,-122.559
-0.515,-2.404,0.824,40.894,216.064,-130.798
-0.265,-2.765,0.940,83.862,229.858,-130.920
-0.272,-2.775,0.587,186.462,240.784,-126.221
0.335,-3.637,1.918,339.111,241.028,-115.540
-0.288,-4.000,1.626,277.893,178.101,-140.503
0.378,-3.876,1.071,243.286,111.328,-112.793
1.014,-3.340,0.785,274.170,40.039,-132.507
1.257,-2.849,0.513,274.597,-31.982,-189.453
1.755,-2.782,0.433,219.543,-82.886,-212.646
1.902,-2.236,0.021,124.207,-100.342,-187.561
1.592,-2.301,0.380,28.320,-109.558,-134.766
1.070,-2.251,0.393,-31.433,-81.360,-50.415
0.606,-2.132,0.172,-60.059,-32.532,40.710
0.230,-2.158,0.132,-68.176,9.705,120.239
0.030,-2.246,0.051,-60.181,32.532,186.523
-0.072,-2.270,0.076,-32.776,31.067,228.149
-0.291,-2.323,0.178,9.644,7.996,241.455
-0.405,-2.341,0.337,43.762,-17.761,233.032
-0.488,-2.240,0.443,62.805,-31.311,209.717
-0.539,-2.115,0.539,68.726,-31.128,177.246
-0.571,-1.977,0.552,71.655,-27.405,147.400
-0.507,-1.876,0.563,72.754,-23.987,121.948
-0.338,-1.791,0.530,70.129,-17.944,106.262
-0.148,-1.695,0.460,63.599,-16.357,100.952
-0.009,-1.609,0.412,53.101,-20.508,92.041
-0.000,-1.525,0.326,40.527,-23.743,82.275
-0.005,-1.455,0.329,28.320,-26.855,74.158
0.075,-1.379,0.233,12.146,-25.391,68.054
0.103,-1.286,0.166,-5.737,-24.292,64.880
-0.972,-1.990,0.580,56.458,235.962,-28.503
-1.027,-2.379,0.616,55.603,280.457,-18.005
-0.915,-2.860,0.786,62.317,314.636,-8.057
-0.859,-3.308,0.845,80.627,320.984,-2.014
-0.658,-3.576,0.931,101.013,289.185,-1.282
-0.477,-3.778,0.953,120.483,231.079,-17.456
-0.069,-3.837,1.054,130.432,155.884,-51.331
0.512,-3.625,1.046,135.742,78.735,-93.872
1.094,-3.357,1.016,126.953,7.690,-142.151
1.717,-2.921,0.632,104.675,-52.368,-176.880
2.203,-2.818,0.562,64.453,-92.468,-191.040
2.176,-2.889,0.706,12.329,-108.154,-170.105
1.756,-2.791,0.664,-42.480,-90.881,-99.182
1.066,-2.563,0.481,-87.036,-42.725,-6.409
0.506,-2.372,0.428,-107.300,12.329,65.735
0.212,-2.322,0.285,-96.863,52.002,114.502
-0.063,-2.361,0.259,-65.857,56.091,137.878
-0.405,-2.501,0.471,-19.348,48.035,143.921
-0.401,-2.543,0.350,40.649,55.176,150.513
-0.475,-2.513,0.388,84.167,49.866,154.602
-0.360,-2.447,0.366,106.140,34.607,161.560
-0.329,-2.254,0.506,91.064,22.583,173.645
-0.186,-1.546,0.942,44.312,24.536,191.345
0.275,-0.884,0.897,28.198,45.288,179.749
0.129,-1.294,0.528,81.055,3.601,135.193
-0.105,-1.208,0.831,81.238,-70.190,119.507
-0.023,-1.124,0.749,46.753,-84.290,114.746
-0.006,-1.054,0.675,16.113,-93.384,106.934
0.022,-1.013,0.554,-8.362,-91.064,95.398
0.045,-1.047,0.501,-26.062,-71.838,85.815
0.157,-1.114,0.381,-45.105,-38.879,78.247
0.307,-1.086,0.172,-65.247,-12.451,72.083
0.425,-0.994,0.043,-85.510,-3.052,69.214
0.567,-0.827,-0.028,-99.548,-5.432,67.749
0.597,-0.729,-0.094,-96.741,-32.410,65.796
0.604,-0.631,-0.032,-82.581,-68.970,65.918
0.623,-0.538,-0.001,-54.260,-101.685,73.242
0.619,-0.405,-0.031,-29.846,-123.108,84.595
0.617,-0.253,0.017,-14.832,-132.996,89.417
0.573,-0.176,0.106,-3.479,-133.850,82.031
0.602,-0.117,0.076,-3.052,-124.634,63.477
0.691,-0.066,0.020,-11.841,-104.858,40.466
0.739,0.003,-0.029,-22.278,-79.407,19.287
0.741,0.066,-0.040,-25.818,-59.570,1.160
0.702,0.183,-0.062,-22.217,-49.561,-14.282
0.519,0.298,-0.017,-13.672,-52.124,-34.790
0.525,0.315,-0.014,-4.761,-70.374,-63.538
0.661,0.360,0.028,4.395,-80.994,-78.918
0.739,0.561,-0.098,5.859,-69.214,-76.843
0.411,0.742,-0.067,9.094,-29.663,-61.157
0.054,0.873,-0.041,10.742,8.484,-45.288
0.086,0.932,0.040,9.277,28.076,-43.152
-0.093,1.131,0.035,3.906,25.513,-45.715
-0.052,1.142,0.017,1.953,15.564,-40.222
-0.035,1.215,-0.009,-2.563,10.193,-34.729
-0.085,1.167,-0.031,-8.667,7.202,-26.123
-0.073,1.052,-0.049,-19.653,2.319,-18.738
-0.008,0.912,-0.067,-36.072,-4.700,-14.954
0.044,0.750,-0.084,-56.335,-13.916,-11.902
0.114,0.601,-0.100,-76.782,-26.245,-9.827
0.212,0.505,-0.116,-93.262,-39.124,-9.033
0.282,0.430,-0.117,-104.492,-51.941,-8.240
0.340,0.393,-0.119,-109.009,-62.073,-8.240
0.416,0.384,-0.102,-106.567,-66.101,-9.949
0.450,0.385,-0.107,-98.572,-67.322,-12.695
0.443,0.414,-0.121,-85.022,-68.054,-17.456
0.385,0.392,-0.114,-66.895,-64.636,-23.010
0.268,0.336,-0.079,-46.997,-57.983,-30.457
0.173,0.261,-0.053,-27.588,-50.476,-40.405
0.109,0.166,-0.016,-10.986,-43.823,-51.453
0.044,0.076,0.029,1.099,-38.025,-62.988
-0.053,-0.031,0.137,9.277,-32.043,-74.585
-0.128,-0.137,0.255,12.878,-28.931,-88.196
-0.189,-0.257,0.367,12.451,-28.198,-103.333
-0.133,-0.351,0.500,5.554,-22.644,-115.173
-0.053,-0.393,0.489,-8.606,-9.521,-121.338
0.044,-0.517,0.559,-20.264,-1.465,-125.488
0.110,-0.501,0.629,-29.175,8.789,-121.277
0.230,-0.691,0.795,-25.940,-21.484,-116.333
-0.132,-0.950,0.891,-17.700,-68.298,-112.793
-0.439,-1.326,1.030,-11.658,-55.908,-84.961
-0.692,-1.818,1.226,-6.714,-4.883,-41.138
-0.798,-2.255,1.357,0.854,63.049,14.404
-0.669,-2.628,1.416,20.874,124.939,76.111
-0.466,-2.899,1.529,51.636,166.748,127.747
-0.358,-3.050,1.733,85.327,172.852,151.917
-0.268,-3.104,1.856,107.788,136.841,141.907
-0.211,-3.005,1.824,111.755,86.426,99.365
-0.119,-2.860,1.818,93.323,44.189,34.241
0.070,-2.671,1.732,67.078,26.001,-40.466
0.417,-2.592,1.609,45.349,30.518,-117.371
0.785,-2.609,1.391,33.081,49.255,-181.274
1.041,-2.645,1.185,32.471,74.890,-216.309
1.211,-2.685,0.952,43.030,95.947,-209.229
1.274,-2.614,0.792,53.650,104.675,-163.452
1.057,-2.484,0.798,62.622,98.877,-92.773
0.833,-2.351,0.854,71.106,84.656,-19.104
0.378,-2.254,0.973,74.158,51.147,35.889
0.150,-2.289,0.976,80.688,25.208,76.416
-0.064,-2.212,0.992,74.585,9.949,101.013
-0.188,-2.162,0.959,57.800,-4.578,113.525
-0.246,-2.064,0.926,43.518,-26.245,119.263
-0.237,-1.880,0.866,35.339,-52.673,127.441
-0.202,-1.770,0.735,32.837,-76.355,135.681
-0.147,-1.609,0.742,23.865,-93.750,143.555
-0.068,-1.468,0.787,9.644,-98.755,146.912
-0.121,-1.570,0.755,0.183,-99.243,143.799
-0.130,-1.544,0.749,-17.395,-99.182,144.470
-0.037,-1.404,0.707,-44.067,-95.520,142.700
0.057,-1.247,0.712,-67.566,-88.074,135.315
0.156,-1.092,0.669,-84.229,-69.885,125.488
0.192,-0.941,0.561,-93.689,-49.988,114.441
0.281,-0.860,0.540,-95.276,-39.368,104.004
0.356,-0.837,0.473,-90.515,-41.931,96.558
0.386,-0.838,0.429,-84.595,-54.932,93.140
0.465,-0.798,0.400,-78.857,-71.899,95.581
0.564,-0.708,0.375,-75.073,-84.045,99.121
0.713,-0.523,0.336,-68.481,-87.402,101.807
0.777,-0.316,0.311,-56.702,-80.811,99.670
-0.129,-1.834,0.832,30.334,84.473,94.177
-0.218,-1.924,0.868,54.504,139.038,92.957
-0.325,-2.131,0.975,85.022,186.523,78.796
-0.373,-2.442,1.142,114.807,220.520,59.204
-0.486,-2.730,1.201,153.259,251.038,38.513
-0.488,-3.104,1.273,200.256,269.470,11.475
-0.292,-3.371,1.236,229.614,254.761,-38.025
0.126,-3.303,1.205,230.408,211.121,-115.601
0.631,-3.157,1.176,205.811,139.038,-196.289
1.140,-2.934,1.126,173.218,59.631,-251.770
1.659,-2.723,0.992,141.479,-0.732,-267.334
2.066,-2.480,0.899,103.455,-39.673,-243.286
2.169,-2.202,0.777,57.617,-70.007,-181.213
1.747,-2.079,0.659,17.273,-102.417,-90.088
1.279,-2.026,0.639,-20.325,-86.975,1.282
0.856,-2.006,0.635,-52.063,-39.490,74.951
0.516,-2.008,0.656,-65.735,13.550,122.986
0.320,-2.058,0.679,-59.021,55.725,147.583
0.147,-2.127,0.682,-41.199,75.867,154.724
-0.014,-2.176,0.680,-25.024,81.360,144.470
-0.135,-2.091,0.703,-18.127,82.336,120.178
-0.201,-1.995,0.650,-7.629,70.190,106.323
-0.284,-1.908,0.655,-1.038,52.185,103.638
-0.371,-1.831,0.617,3.296,36.743,107.910
-0.397,-1.731,0.594,13.245,22.278,115.784
-0.430,-1.638,0.546,26.428,3.052,122.803
-0.426,-1.592,0.539,35.828,-23.682,123.230
-0.399,-1.558,0.515,34.302,-51.086,118.286
-0.360,-1.526,0.484,25.146,-76.355,110.046
-0.227,-1.521,0.467,15.320,-96.863,101.440
-0.066,-1.486,0.428,5.432,-112.488,93.445
0.082,-1.386,0.414,-3.235,-120.667,90.027
0.228,-1.245,0.422,-6.958,-118.103,91.736
0.287,-1.152,0.399,-0.610,-102.722,94.421
0.303,-1.006,0.382,9.521,-72.876,99.426
0.344,-0.890,0.378,15.930,-35.950,104.980
0.438,-0.707,0.377,16.479,-5.310,103.638
0.452,-0.553,0.349,18.494,1.831,86.975
0.366,-0.457,0.347,21.118,-11.719,59.998
0.351,-0.350,0.302,15.930,-29.968,35.400
0.389,-0.276,0.265,6.042,-43.335,13.977
0.499,-0.198,0.212,-6.165,-55.786,-0.732
0.585,-0.125,0.135,-18.799,-71.228,-7.080
0.664,-0.041,0.083,-32.349,-85.876,-9.277
0.760,0.086,0.063,-38.391,-96.436,-7.568
0.799,0.145,0.023,-32.898,-103.760,-3.479
0.764,0.228,0.016,-23.926,-104.431,1.221
0.752,0.304,0.020,-10.071,-100.098,5.493
0.715,0.381,0.005,0.549,-91.370,5.066
0.588,0.491,0.068,12.451,-78.674,0.061
0.537,0.593,0.057,18.311,-68.176,-9.644
0.517,0.680,0.069,24.963,-59.387,-22.888
0.348,0.757,-0.057,31.677,-46.936,-41.870
0.071,0.786,-0.110,38.025,-19.897,-57.983
0.030,0.735,-0.111,35.645,17.822,-64.636
0.025,0.723,-0.113,21.912,44.739,-67.627
0.051,0.660,-0.107,1.221,46.204,-61.401
0.098,0.622,-0.119,-21.301,26.855,-44.189
0.155,0.560,-0.135,-41.626,1.465,-20.447
0.207,0.508,-0.124,-57.190,-21.057,4.395
0.244,0.458,-0.085,-68.176,-40.588,24.353
0.268,0.416,-0.046,-74.341,-55.542,36.377
0.281,0.375,-0.004,-76.355,-65.735,43.274
0.269,0.360,0.015,-74.890,-73.425,43.884
0.265,0.355,0.024,-71.960,-77.454,38.513
0.265,0.376,0.018,-69.031,-79.285,27.161
0.251,0.400,0.009,-65.552,-79.590,13.184
0.250,0.418,-0.027,-60.608,-77.881,0.732
0.245,0.439,-0.053,-55.603,-70.618,-10.986
0.202,0.460,-0.076,-51.025,-63.293,-22.827
0.147,0.483,-0.090,-47.424,-56.274,-34.302
0.060,0.468,-0.091,-45.410,-49.011,-47.119
-0.050,0.382,-0.068,-45.776,-42.908,-61.951
-0.133,0.231,-0.029,-47.974,-41.931,-78.674
-0.150,0.096,0.004,-54.932,-47.913,-95.642
-0.185,-0.021,0.059,-62.134,-62.561,-108.032
-0.175,-0.157,0.174,-64.758,-81.421,-113.037
-0.058,-0.265,0.333,-61.523,-99.792,-109.131
0.003,-0.358,0.437,-49.866,-120.178,-99.304
0.080,-0.450,0.592,-30.334,-127.808,-88.074
0.046,-0.490,0.700,-8.911,-111.633,-78.979
0.207,-0.649,0.857,10.864,-79.651,-70.801
0.017,-0.756,0.906,22.461,-60.364,-78.125
-0.099,-0.957,0.867,23.376,-33.020,-77.759
-0.278,-1.085,0.843,8.423,9.460,-72.632
-0.222,-1.289,0.994,-3.418,58.777,-59.875
-0.554,-1.388,0.988,13.184,107.239,-42.358
-0.639,-1.776,0.908,40.283,156.921,4.944
-0.669,-2.090,0.992,50.110,184.753,41.748
-0.749,-2.431,1.132,69.214,179.565,81.787
-0.568,-2.743,1.258,105.591,170.715,118.225
-0.456,-3.076,1.359,149.414,150.513,112.305
-0.589,-3.320,1.531,183.289,116.943,49.500
-0.539,-3.414,1.494,188.354,63.354,-36.926
-0.088,-3.208,1.408,175.903,10.620,-119.385
0.690,-3.067,1.339,162.842,-27.588,-191.162
1.475,-3.072,1.369,151.123,-64.697,-242.737
2.098,-2.949,1.461,137.817,-90.454,-267.456
2.453,-2.843,1.582,111.572,-90.759,-243.042
2.134,-2.620,1.649,67.017,-56.946,-151.794
1.333,-2.247,1.453,24.719,4.333,-27.222
0.512,-1.971,1.340,-9.033,74.341,79.529
-0.013,-1.881,1.154,-37.476,132.690,144.714
-0.237,-1.862,1.036,-59.448,167.786,167.664
-0.290,-1.820,0.954,-69.763,173.218,161.255
-0.391,-1.758,0.884,-63.599,158.264,140.625
-0.462,-1.678,0.882,-47.668,133.728,114.014
-0.453,-1.581,0.851,-27.222,112.122,93.140
-0.383,-1.551,0.849,-8.240,100.220,85.266
-0.329,-1.546,0.855,2.563,93.689,87.952
-0.274,-1.547,0.862,6.470,87.097,93.506
-0.205,-1.539,0.857,8.484,74.524,97.107
-0.181,-1.562,0.823,11.047,58.167,95.642
-0.125,-1.582,0.796,13.428,52.856,90.881
-0.066,-1.572,0.752,14.099,52.246,82.275
-0.017,-1.558,0.700,12.756,47.852,69.702
0.040,-1.536,0.623,8.850,39.978,58.899
0.110,-1.519,0.525,0.916,30.823,52.673
0.115,-1.502,0.476,-10.010,17.456,51.575
0.184,-1.803,1.051,42.542,63.232,27.649
0.364,-1.987,1.113,52.124,80.994,35.828
0.286,-2.187,1.208,69.946,112.915,44.189
0.172,-2.366,1.201,81.421,158.508,50.049
0.000,-2.519,1.328,81.909,212.219,41.626
-0.318,-2.668,1.286,89.478,262.390,10.559
-0.596,-2.788,1.238,102.600,298.279,-45.227
-0.859,-2.912,1.057,118.042,323.730,-121.887
-0.494,-3.058,0.739,120.544,333.557,-208.923
0.561,-3.258,0.531,102.600,290.161,-301.514
1.254,-3.561,0.383,71.045,174.622,-378.235
2.190,-3.660,0.317,48.279,35.583,-387.634
2.255,-3.677,0.153,45.532,-101.807,-318.481
2.478,-3.231,0.294,30.762,-211.548,-186.340
1.992,-2.417,0.584,4.333,-269.531,-15.991
1.075,-2.063,0.704,-0.427,-273.560,132.202
0.332,-1.805,0.871,9.033,-227.783,206.116
-0.192,-1.613,0.854,19.165,-159.302,226.807
-0.357,-1.594,0.730,35.156,-89.172,221.802
-0.295,-1.635,0.633,41.260,-4.089,186.646
-0.205,-1.514,0.805,29.846,60.974,140.808
-0.101,-1.538,0.707,50.110,72.754,117.859
-0.154,-1.442,0.645,53.040,69.946,103.882
-0.260,-1.311,0.586,39.307,59.875,101.990
-0.330,-1.242,0.552,23.804,42.908,103.088
-0.339,-1.185,0.668,10.498,19.348,105.042
-0.316,-1.266,0.660,3.113,0.244,102.600
-0.290,-1.309,0.613,-9.216,-8.606,93.018
-0.186,-1.363,0.653,-15.076,-19.165,85.632
-0.132,-1.432,0.581,-17.212,-23.437,78.552
-0.055,-1.479,0.520,-16.724,-23.560,75.256
0.051,-1.484,0.478,-18.860,-19.836,77.026
0.075,-1.457,0.481,-22.705,-12.085,78.003
0.042,-1.401,0.482,-18.982,-2.075,77.820
0.039,-1.294,0.425,-7.629,11.414,74.890
0.037,-1.210,0.314,5.005,21.790,67.383
0.094,-1.169,0.237,9.827,27.893,55.481
0.093,-1.094,0.182,4.761,30.518,44.983
0.175,-0.982,0.114,-6.653,35.034,35.950
0.274,-0.905,0.136,-17.395,30.029,27.405
0.372,-0.857,0.139,-22.705,7.202,19.653
0.465,-0.810,0.149,-24.597,-23.987,16.418
0.552,-0.745,0.089,-30.029,-50.232,20.264
0.620,-0.689,0.154,-36.316,-73.608,28.870
0.662,-0.619,0.172,-43.152,-96.863,38.818
0.710,-0.533,0.145,-49.866,-112.427,46.814
0.676,-0.444,0.112,-57.617,-120.239,50.598
0.680,-0.306,0.132,-67.322,-123.779,48.096
0.713,-0.224,0.093,-71.716,-123.230,39.246
0.697,-0.177,0.050,-73.242,-121.887,28.748
0.735,-0.147,0.023,-73.608,-119.934,17.456
0.793,-0.102,-0.022,-75.439,-113.708,6.592
0.768,-0.067,-0.016,-74.341,-110.046,-1.343
0.771,0.007,-0.023,-72.998,-105.530,-5.859
0.757,0.107,-0.038,-68.542,-102.356,-7.935
0.768,0.238,-0.024,-59.814,-97.961,-7.446
0.704,0.352,-0.026,-44.495,-87.585,-5.066
0.625,0.362,0.018,-22.217,-66.467,-2.136
0.485,0.418,0.029,-4.517,-36.987,-3.723
0.461,0.446,0.020,7.263,-8.606,-11.353
0.453,0.521,0.033,15.198,13.977,-21.545
0.381,0.577,0.036,24.170,32.898,-30.273
0.331,0.602,0.013,32.104,46.875,-34.363
0.214,0.613,-0.020,30.701,55.420,-34.912
0.165,0.573,-0.096,16.541,52.856,-29.175
0.274,0.586,-0.059,-6.836,40.710,-18.921
0.263,0.614,0.013,-23.926,22.339,-13.977
0.230,0.599,0.019,-29.236,1.770,-13.611
0.191,0.601,-0.005,-33.630,-18.372,-13.977
0.176,0.607,-0.025,-42.114,-37.842,-10.193
0.243,0.580,0.021,-53.406,-57.556,-2.869
0.328,0.569,0.038,-62.744,-75.256,5.920
0.408,0.535,0.050,-66.528,-86.304,11.658
0.490,0.517,0.024,-65.491,-87.219,12.024
0.516,0.499,-0.016,-61.035,-77.942,7.935
0.512,0.496,-0.059,-53.711,-60.364,0.732
0.433,0.503,-0.080,-45.105,-39.673,-5.920
0.287,0.501,-0.109,-35.217,-19.531,-11.902
0.137,0.490,-0.124,-23.743,0.427,-18.005
-0.028,0.433,-0.117,-11.719,17.883,-24.780
-0.174,0.266,-0.085,-0.122,29.907,-31.860
-0.247,0.023,-0.049,7.874,33.936,-39.612
-0.171,-0.216,0.009,6.958,26.855,-46.082
-0.017,-0.443,0.131,0.244,11.047,-48.340
0.145,-0.608,0.304,-5.371,-2.502,-41.931
0.218,-0.605,0.463,-6.714,2.930,-25.330
0.782,-0.727,0.735,8.179,8.057,0.488
0.574,-0.890,0.863,44.800,-13.428,8.179
0.303,-1.121,0.930,79.041,5.920,41.565
-0.128,-1.343,0.980,95.215,71.167,85.693
-0.587,-1.655,0.990,97.229,157.593,125.549
-0.762,-2.054,0.967,91.919,234.558,149.292
-0.656,-2.345,1.032,79.468,275.757,140.015
-0.478,-2.494,1.063,66.589,252.441,93.750
-0.200,-2.538,1.119,50.720,182.495,17.822
0.011,-2.698,1.201,35.828,104.492,-76.782
0.402,-2.830,1.490,31.555,60.242,-177.307
0.872,-3.203,1.480,48.096,60.608,-276.489
1.536,-3.676,1.444,69.458,77.942,-346.802
2.284,-4.000,1.171,91.797,92.834,-364.502
2.578,-4.000,0.507,108.704,96.802,-311.890
2.402,-3.613,0.320,93.689,52.612,-202.209
2.092,-3.125,0.503,97.534,-27.466,-74.951
1.515,-2.727,0.520,122.681,-84.595,39.063
1.061,-2.393,0.549,106.445,-96.924,114.624
0.554,-2.191,0.540,71.045,-110.657,158.569
0.225,-2.046,0.619,36.438,-100.891,189.270
0.051,-1.964,0.652,12.756,-75.745,204.163
-0.056,-1.832,0.753,-0.488,-65.674,205.322
-0.063,-1.758,0.729,-6.470,-50.964,196.045
-0.010,-1.671,0.744,-9.460,-39.124,178.711
-0.050,-1.581,0.837,-13.000,-41.016,152.466
-0.074,-1.533,0.919,-13.062,-46.448,124.451
-0.058,-1.541,0.892,-14.343,-37.170,96.375
0.032,-1.549,0.894,-16.541,-22.278,80.688
0.133,-1.512,0.834,-12.573,-7.080,77.026
0.087,-1.406,0.783,-2.136,5.554,79.285
0.055,-1.302,0.698,12.329,22.461,80.566
0.057,-1.226,0.592,23.376,42.358,76.721
0.006,-1.947,0.908,-38.330,50.171,32.288
0.058,-2.050,0.997,-25.818,76.904,23.865
0.214,-2.170,1.145,-8.484,78.857,23.071
0.334,-2.247,1.295,12.756,62.256,28.931
0.333,-2.342,1.386,38.940,47.119,35.095
0.343,-2.474,1.567,60.669,56.030,33.752
0.446,-2.596,1.634,78.308,89.966,17.944
0.734,-2.694,1.655,89.050,136.475,-16.785
1.092,-2.758,1.551,82.214,166.504,-74.829
1.625,-2.759,1.479,61.279,159.058,-144.775
1.982,-2.735,1.275,43.091,117.493,-200.256
2.142,-2.578,1.003,26.367,69.031,-212.646
2.184,-2.434,0.792,12.939,31.799,-178.223
2.019,-2.264,0.686,3.906,20.996,-119.629
1.634,-2.046,0.589,-4.944,23.132,-57.068
1.200,-1.904,0.497,-2.991,36.255,1.831
0.920,-1.821,0.390,9.338,62.378,50.720
0.768,-1.889,0.342,26.184,77.637,86.243
0.625,-1.960,0.441,39.612,73.486,105.713
0.567,-2.066,0.476,51.636,60.974,117.676
0.548,-2.137,0.529,56.213,41.748,124.084
0.493,-2.146,0.648,59.814,14.648,125.793
0.423,-2.112,0.777,66.895,-12.756,125.671
0.357,-2.036,0.831,74.951,-40.161,124.023
0.244,-1.904,0.759,82.458,-66.223,122.559
0.182,-1.711,0.719,83.252,-84.961,127.319
0.110,-1.509,0.728,80.383,-102.844,134.827
0.005,-1.341,0.708,77.881,-113.159,138.794
-0.032,-1.232,0.644,74.158,-111.755,139.709
-0.035,-1.139,0.586,62.927,-95.886,133.484
-0.021,-1.042,0.539,48.401,-74.280,123.901
0.032,-0.962,0.496,32.715,-47.363,111.511
0.106,-0.906,0.448,18.982,-13.123,97.900
0.132,-0.876,0.345,6.287,25.513,84.717
0.219,-0.854,0.291,-6.592,58.899,70.923
0.368,-0.807,0.265,-16.113,72.754,56.030
0.439,-0.771,0.248,-17.334,66.528,39.063
0.478,-0.693,0.206,-12.756,46.387,21.484
0.517,-0.690,0.168,-9.888,20.508,5.676
0.620,-0.659,0.134,-15.137,-4.333,-3.906
0.743,-0.628,0.107,-23.560,-31.677,-7.446
0.858,-0.566,0.143,-34.424,-64.697,-8.362
0.926,-0.464,0.104,-40.771,-94.910,-7.263
0.926,-0.353,0.059,-43.762,-115.540,-4.700
0.943,-0.230,0.045,-48.950,-121.765,0.671
0.975,-0.104,0.025,-53.528,-120.178,8.728
0.950,0.009,0.011,-55.115,-118.469,13.733
0.930,0.122,-0.002,-53.040,-118.469,12.573
0.824,0.209,-0.006,-44.373,-118.347,5.066
0.769,0.291,-0.039,-30.945,-114.441,-8.240
0.766,0.375,-0.028,-15.320,-100.830,-25.574
0.750,0.427,0.039,4.395,-77.209,-40.466
0.743,0.532,0.008,22.827,-41.138,-44.067
0.575,0.670,0.000,43.884,5.615,-42.236
0.405,0.745,0.014,64.758,54.565,-42.236
0.323,0.820,-0.039,81.543,99.976,-43.396
0.198,0.861,-0.096,93.872,142.151,-41.504
0.088,0.840,-0.128,99.304,178.772,-37.354
0.025,0.870,-0.176,92.346,199.890,-33.081
-0.059,0.873,-0.244,75.378,206.543,-24.597
-0.085,0.867,-0.285,45.715,193.909,-14.587
-0.089,0.856,-0.308,11.108,162.964,-3.967
-0.052,0.815,-0.301,-23.010,118.408,8.118
-0.015,0.764,-0.280,-54.810,64.880,20.142
0.013,0.717,-0.250,-79.529,9.705,29.358
0.033,0.671,-0.217,-94.604,-38.330,35.156
0.072,0.644,-0.195,-100.586,-76.538,37.109
0.106,0.604,-0.161,-100.220,-102.722,35.400
0.146,0.540,-0.128,-96.191,-122.620,30.762
0.200,0.461,-0.111,-90.759,-137.024,23.865
0.272,0.359,-0.104,-85.754,-145.264,15.503
0.362,0.285,-0.102,-80.078,-148.682,7.385
0.477,0.220,-0.103,-72.083,-148.132,1.831
0.526,0.194,-0.084,-60.181,-141.479,-1.709
0.519,0.183,-0.064,-43.030,-127.014,-3.906
0.448,0.177,-0.027,-21.790,-103.210,-3.723
0.324,0.148,0.004,-0.305,-70.862,-2.441
0.141,0.093,0.034,18.738,-34.851,-2.136
-0.066,0.017,0.048,33.264,0.061,-4.517
-0.234,-0.107,0.061,42.480,33.447,-12.146
-0.351,-0.325,0.088,46.021,59.509,-27.588
-0.356,-0.591,0.123,41.809,73.914,-49.255
-0.463,-0.743,0.115,28.503,79.224,-71.411
0.114,-1.159,0.405,9.766,79.895,-78.918
0.246,-1.275,0.562,-8.301,23.560,-94.482
0.213,-1.410,0.687,-12.634,-34.485,-90.881
0.285,-1.499,0.836,-13.123,-59.937,-55.420
0.202,-1.578,0.984,-17.029,-59.509,-9.155
0.032,-1.707,1.042,-21.973,-41.687,38.940
-0.142,-1.868,1.139,-29.297,-9.216,72.083
-0.094,-2.143,1.367,-30.273,27.344,80.933
0.134,-2.479,1.597,-20.020,52.612,62.317
0.381,-2.656,1.886,0.122,56.152,16.785
0.745,-2.843,2.105,28.564,30.823,-39.612
1.219,-2.890,2.160,53.589,-6.226,-104.736
1.727,-3.038,2.052,64.941,-39.307,-177.490
2.177,-3.134,1.804,61.829,-51.819,-235.901
2.523,-3.155,1.480,51.086,-32.898,-260.071
2.514,-3.042,1.288,22.583,22.766,-249.756
2.116,-2.725,1.006,-14.465,98.999,-213.013
1.442,-2.357,0.667,-36.011,169.434,-168.213
0.979,-2.148,0.329,-26.672,242.432,-125.610
0.610,-1.973,0.151,4.883,295.654,-87.769
0.338,-2.039,0.026,48.035,318.359,-47.913
0.320,-2.134,0.071,80.750,317.627,-16.663
0.183,-2.223,0.143,104.919,279.541,0.000
0.058,-2.252,0.171,126.160,223.816,16.541
0.003,-2.192,0.250,139.526,165.283,48.035
-0.053,-2.083,0.357,140.930,108.337,94.604
0.220,-1.737,0.581,133.484,50.598,136.353
0.272,-1.776,0.724,136.169,-25.513,148.071
0.195,-1.720,0.832,139.099,-108.582,147.583
0.208,-1.552,0.848,121.399,-170.898,150.818
0.278,-1.474,0.839,93.079,-205.811,150.146
0.350,-1.477,0.823,63.049,-215.881,147.522
0.428,-1.409,0.735,37.476,-203.430,144.531
0.497,-1.342,0.650,17.944,-168.701,134.827
0.508,-1.287,0.587,7.385,-119.385,122.742
0.537,-1.275,0.414,3.418,-64.636,113.098
0.678,-2.089,0.457,-77.087,134.583,-30.823
0.601,-2.041,0.490,-85.632,88.379,-41.321
0.472,-2.008,0.628,-84.839,33.203,-38.086
0.332,-2.058,0.731,-71.533,-12.024,-27.466
0.168,-2.133,0.869,-51.880,-42.908,-20.203
0.049,-2.209,0.974,-26.672,-50.232,-22.766
-0.035,-2.268,1.068,-0.610,-39.673,-37.781
-0.098,-2.322,1.170,24.109,-20.325,-64.148
-0.006,-2.375,1.249,45.349,-4.578,-96.436
0.148,-2.486,1.400,69.092,7.446,-131.165
0.510,-2.628,1.599,92.773,15.747,-155.396
0.920,-2.767,1.720,113.159,24.536,-166.748
1.249,-2.720,1.731,122.498,34.485,-161.987
1.503,-2.544,1.667,117.249,40.588,-142.090
1.577,-2.276,1.530,99.060,43.945,-110.474
1.586,-2.095,1.350,65.186,44.800,-64.636
1.439,-1.939,1.298,24.292,44.312,-11.841
1.189,-1.887,1.190,1.648,48.706,36.682
0.910,-1.825,1.084,-12.634,59.326,77.820
0.662,-1.828,1.010,-20.020,70.740,107.300
0.475,-1.872,0.970,-21.973,77.637,128.052
0.359,-1.951,0.968,-20.813,75.623,142.334
0.200,-2.004,0.982,-15.686,64.697,151.550
0.081,-2.017,0.979,-8.118,52.063,155.396
0.003,-1.951,0.973,-1.526,39.490,156.006
-0.027,-1.875,0.965,1.465,22.827,154.419
-0.036,-1.815,0.952,1.038,3.662,153.748
-0.002,-1.747,0.922,-1.526,-13.916,153.259
0.042,-1.637,0.874,-2.747,-28.870,151.001
0.073,-1.538,0.836,0.183,-40.222,147.827
0.104,-1.445,0.777,3.662,-48.218,141.846
0.097,-1.350,0.709,5.859,-50.415,131.165
0.104,-1.266,0.651,9.277,-44.128,117.554
0.152,-1.145,0.602,12.756,-29.053,102.661
0.201,-1.017,0.525,17.334,-13.306,90.393
0.272,-0.910,0.475,20.020,5.188,79.651
0.379,-0.805,0.409,19.836,25.574,72.144
0.440,-0.704,0.346,18.250,39.856,65.369
0.538,-0.592,0.322,19.348,47.241,58.594
0.631,-0.521,0.302,24.780,41.809,49.133
0.669,-0.440,0.292,30.945,30.518,38.757
0.673,-0.328,0.264,34.241,19.165,30.701
0.667,-0.195,0.205,33.691,8.057,26.733
0.648,-0.105,0.171,29.297,-2.319,24.963
0.664,-0.062,0.145,20.996,-13.000,22.766
0.717,-0.032,0.091,7.324,-25.818,19.287
0.776,0.007,0.029,-6.348,-39.307,15.503
0.817,0.066,-0.000,-18.066,-52.734,12.329
0.850,0.119,-0.033,-23.376,-61.584,10.071
0.848,0.200,-0.076,-22.522,-64.575,8.057
0.803,0.263,-0.091,-13.916,-62.256,5.798
0.773,0.312,-0.118,-1.831,-51.880,3.357
0.669,0.343,-0.084,10.498,-37.354,-0.854
0.550,0.432,-0.147,19.897,-25.696,-5.493
0.518,0.540,-0.184,29.175,-16.724,-9.583
0.365,0.613,-0.263,44.556,-8.911,-14.954
0.220,0.646,-0.251,60.730,2.197,-19.165
0.160,0.674,-0.305,64.087,27.100,-16.968
0.104,0.741,-0.368,59.204,51.697,-13.916
0.055,0.779,-0.411,49.438,62.073,-9.399
0.018,0.799,-0.396,35.767,55.359,-3.845
-0.024,0.833,-0.386,18.799,37.354,2.319
-0.045,0.848,-0.349,-0.305,14.465,7.812
-0.036,0.863,-0.314,-21.851,-10.620,8.972
-0.017,0.843,-0.291,-43.213,-35.828,6.775
0.026,0.818,-0.232,-63.232,-60.120,2.563
0.059,0.776,-0.201,-82.764,-83.435,-4.639
0.088,0.714,-0.193,-96.497,-104.553,-12.451
0.151,0.635,-0.187,-104.126,-123.108,-19.348
0.193,0.585,-0.176,-106.018,-136.047,-22.766
0.189,0.621,-0.172,-101.074,-145.142,-24.292
0.127,0.640,-0.138,-90.393,-148.743,-27.710
0.083,0.662,-0.106,-79.773,-147.339,-40.344
0.036,0.652,-0.094,-70.496,-143.616,-63.110
-0.026,0.577,-0.085,-64.636,-137.695,-87.952
-0.109,0.489,-0.089,-63.965,-131.775,-110.779
-0.145,0.397,-0.094,-67.017,-126.709,-124.695
-0.183,0.278,-0.093,-70.313,-125.916,-126.404
-0.233,0.148,-0.070,-68.909,-127.808,-117.432
-0.251,-0.005,-0.027,-63.049,-129.456,-103.821
-0.261,-0.182,0.049,-53.955,-128.052,-90.210
-0.249,-0.378,0.179,-41.931,-121.277,-77.637
-0.199,-0.524,0.309,-29.114,-104.492,-64.697
0.018,-0.746,0.604,-19.714,-75.134,-49.622
0.260,-0.773,0.804,-13.672,-54.749,-42.297
0.344,-0.901,0.952,1.709,-37.354,-36.255
0.228,-1.021,1.176,22.278,1.221,-25.452
0.467,-1.250,1.365,44.861,51.025,-5.310
0.244,-1.406,1.379,61.462,76.172,1.038
0.023,-1.539,1.411,75.500,120.605,13.672
-0.163,-1.711,1.446,90.088,179.871,30.334
-0.363,-1.923,1.463,105.713,237.000,47.668
-0.548,-2.303,1.680,128.784,282.104,67.444
-0.453,-2.699,1.777,161.743,297.363,85.449
-0.279,-2.986,1.776,193.176,268.372,81.665
-0.075,-3.156,1.730,204.285,197.876,42.603
0.325,-3.100,1.704,191.467,114.014,-33.325
0.915,-3.076,1.734,169.739,33.997,-141.296
1.678,-3.011,1.498,139.221,-31.494,-240.295
2.259,-2.957,1.142,91.187,-74.036,-308.289
2.458,-2.935,0.832,31.738,-92.163,-337.524
2.709,-2.754,0.843,-46.387,-98.938,-310.669
2.344,-2.448,0.850,-93.384,-74.219,-221.375
1.679,-2.124,0.680,-98.511,-25.757,-99.426
1.138,-1.797,0.474,-74.463,4.272,20.386
0.471,-1.829,0.626,-30.884,30.640,113.464
0.045,-1.955,0.817,-5.005,75.378,165.466
-0.147,-1.940,0.676,8.545,118.835,190.063
-0.131,-2.073,0.743,22.949,115.662,200.745
-0.099,-1.979,0.842,17.212,76.721,187.805
-0.073,-1.574,0.854,3.723,39.429,165.344
-0.152,-1.366,0.922,-14.587,26.855,128.723
-0.155,-1.184,0.949,-28.931,29.175,98.694
0.081,-1.155,0.665,-24.780,27.771,88.806
0.175,-1.180,0.790,0.610,-9.338,95.642
0.183,-1.185,0.827,10.559,-37.903,99.426
0.255,-1.176,0.813,10.376,-35.645,96.497
0.298,-1.164,0.810,10.986,-30.823,91.064
0.293,-1.153,0.781,13.245,-18.433,83.557
0.289,-1.917,0.649,-18.616,87.524,-7.935
0.269,-2.049,0.763,-14.282,103.699,7.324
0.108,-2.146,0.995,-0.854,126.709,16.724
-0.221,-2.266,1.124,31.738,146.667,21.362
-0.685,-2.391,1.310,76.904,157.410,12.756
-0.751,-2.458,1.521,110.474,148.743,-25.024
-0.499,-2.634,1.692,118.469,102.966,-92.224
-0.015,-2.878,1.755,97.168,24.231,-168.091
0.456,-3.314,1.693,61.768,-57.617,-225.403
1.200,-3.853,1.790,33.386,-114.746,-241.760
2.455,-3.770,1.776,6.104,-129.395,-203.918
2.472,-3.531,1.597,-29.846,-110.107,-129.395
2.013,-3.259,1.415,-84.778,-65.735,-42.419
1.227,-3.007,1.107,-146.545,-15.137,23.437
0.592,-2.688,1.026,-183.044,60.608,38.635
0.210,-2.366,0.943,-166.992,142.944,17.517
0.051,-2.207,0.863,-108.215,194.946,-7.507
-0.025,-2.044,0.788,-39.734,206.177,-32.837
-0.161,-1.939,0.744,23.437,183.594,-46.753
-0.192,-1.859,0.839,85.388,130.615,-43.396
-0.109,-1.814,0.857,128.052,64.819,-19.958
0.049,-1.756,0.921,145.996,-11.597,22.766
0.122,-1.676,1.047,127.747,-92.529,76.233
0.033,-1.598,1.212,76.111,-153.381,124.512
-0.101,-1.488,1.458,20.203,-179.016,165.527
0.024,-1.330,1.520,-28.015,-147.095,189.453
0.146,-1.248,1.112,-64.392,-72.571,185.486
0.069,-1.163,1.058,-75.684,-10.010,168.701
0.026,-1.065,0.948,-69.763,44.006,154.419
0.086,-0.909,0.766,-54.993,89.417,148.499
0.067,-0.665,0.664,-38.147,116.028,148.621
0.165,-0.516,0.555,-30.945,129.639,149.475
0.265,-0.429,0.598,-33.752,125.916,149.658
0.288,-0.229,0.474,-41.504,114.929,150.146
0.415,-0.123,0.412,-48.462,94.727,144.287
0.491,-0.094,0.395,-54.749,70.007,137.756
0.555,-0.078,0.382,-65.857,51.514,133.545
0.553,0.014,0.349,-80.261,41.748,133.545
0.570,0.129,0.373,-95.154,39.124,137.573
0.588,0.165,0.366,-107.422,32.288,133.972
0.611,0.141,0.428,-118.774,22.644,124.695
0.649,0.128,0.344,-127.380,19.531,117.615
0.662,0.160,0.373,-132.385,22.400,117.859
0.572,0.272,0.525,-130.859,36.560,120.422
0.570,0.279,0.342,-126.160,62.012,118.591
0.536,0.311,0.298,-133.057,72.388,112.915
0.504,0.347,0.292,-143.921,72.205,105.164
0.519,0.313,0.132,-153.503,69.641,96.313
0.502,0.325,0.114,-167.480,56.152,85.693
0.508,0.317,0.065,-181.580,39.612,72.998
0.533,0.286,0.076,-193.542,23.987,58.960
0.583,0.242,0.056,-203.003,11.536,46.753
0.584,0.180,-0.007,-208.801,3.052,37.659
0.574,0.156,0.018,-205.017,-7.324,31.433
0.570,0.172,0.098,-192.688,-15.808,26.184
0.576,0.237,0.176,-174.744,-15.747,20.020
0.556,0.244,0.222,-149.780,-7.812,13.184
0.553,0.288,0.240,-124.512,4.700,4.333
0.529,0.336,0.215,-104.187,17.273,-4.395
0.499,0.371,0.182,-95.154,23.132,-13.489
0.471,0.387,0.109,-98.450,22.827,-20.630
0.434,0.318,0.036,-105.896,15.503,-27.893
0.462,0.193,-0.027,-112.732,1.526,-35.950
0.516,0.088,-0.115,-114.441,-16.357,-41.809
0.576,0.019,-0.171,-110.779,-40.588,-44.128
0.592,-0.062,-0.222,-99.426,-71.533,-43.640
0.614,-0.075,-0.211,-88.440,-101.746,-41.199
0.653,-0.125,-0.190,-85.632,-126.709,-38.269
0.703,-0.122,-0.122,-80.261,-141.479,-31.372
0.680,-0.217,-0.157,-60.486,-147.766,-21.240
0.569,-0.272,-0.171,-31.311,-148.499,-10.193
0.418,-0.237,-0.187,-7.935,-144.958,-3.479
0.217,-0.167,-0.140,4.272,-145.630,-5.432
0.093,-0.166,-0.259,8.057,-151.550,-13.550
0.046,-0.090,-0.100,0.793,-155.273,-25.879
-0.003,-0.118,-0.048,-11.963,-162.354,-29.175
-0.030,-0.175,0.068,-22.461,-167.114,-20.813
-0.062,-0.266,0.220,-28.381,-169.617,-4.700
-0.171,-0.385,0.327,-36.621,-167.175,14.221
-0.261,-0.432,0.451,-51.331,-151.978,29.663
-0.355,-0.372,0.599,-68.054,-127.930,38.513
-0.450,-0.267,0.792,-82.947,-104.858,44.373
-0.525,-0.162,0.956,-99.792,-89.844,48.096
-0.532,0.326,1.216,-124.329,-89.294,49.377
-0.528,-0.422,1.443,-134.033,-121.643,67.383
-0.557,-0.502,1.254,-129.089,-184.265,58.105
-0.404,-0.416,1.115,-102.173,-233.521,31.921
-0.246,-0.418,1.097,-68.909,-256.958,24.841
-0.159,-0.399,1.181,-48.340,-254.211,33.447
-0.127,-0.429,1.215,-44.006,-231.628,50.415
-0.143,-0.510,1.209,-47.424,-199.585,69.580
-0.176,-0.585,1.148,-52.856,-169.495,86.243
-0.262,-0.483,1.091,-45.959,-155.212,93.201
-0.307,-0.455,0.968,-36.621,-156.738,93.628
-0.219,-0.352,1.100,-35.583,-170.044,95.764
-0.307,-0.371,1.043,-35.767,-191.772,106.262
-0.315,-0.211,1.163,-52.063,-198.914,112.976
-0.353,-0.183,1.273,-67.688,-192.139,121.460
-0.319,-0.234,1.345,-82.397,-164.368,123.962
-0.303,-0.257,1.320,-88.379,-116.089,115.967
-0.360,-0.129,1.305,-76.782,-57.678,101.013
-0.386,-0.022,1.149,-37.170,-11.597,82.703
-0.379,0.008,0.952,36.255,9.338,62.988
-0.376,0.053,0.841,147.583,2.563,42.297
-0.348,0.160,0.194,268.799,-37.354,27.710
-1.716,2.002,-0.403,597.290,-124.695,-3.784
-0.170,-1.324,4.000,696.838,46.448,5.432
0.255,-0.186,0.333,-77.820,294.617,70.251
0.281,-0.796,1.810,-38.330,310.059,43.274
0.004,-0.516,1.377,-20.935,265.076,30.151
-0.261,-0.298,0.185,-146.301,130.066,24.414
-0.168,1.066,3.110,-305.786,-16.785,45.715
0.007,0.421,1.404,-107.849,-15.991,20.630
0.124,-0.332,0.193,129.272,-5.981,-21.667
-0.015,0.383,1.533,-40.100,-68.970,16.174
-0.035,0.074,0.899,-4.761,-54.688,7.996
-0.049,0.030,0.840,27.832,-33.447,9.705
-0.210,0.070,0.913,10.803,-19.409,20.142
-0.272,0.036,0.945,16.663,-1.953,26.123
